background,x,y,bio3,bio4,bio7,bio11,bio12
background,-1.5,10.000007823,64.6388778686523,1644.00061035156,180.583374023438,257.805541992188,1035.08276367188
background,-1.5,19.000007823,50.4166526794434,5342.64453125,321.472473144531,211.777694702148,70.6387100219727
background,-1.5,22.000007823,45.4444427490234,6862.58642578125,354.000152587891,191.861068725586,22.444393157959
background,-1.5,25.000007823,40.9722213745117,7912.19677734375,384.611236572266,170.638824462891,7.41666030883789
background,-1.5,31.000007823,36.9444465637207,8256.5263671875,389.611083984375,107.749946594238,93.7780532836914
background,-1.5,37.000007823,38.1111068725586,5641.39599609375,268.222564697266,91.0552444458008,380.834411621094
background,-1.5,4.000007823,71.0000839233398,983.140930175781,98.5714492797852,247.428573608398,1579.29150390625
background,-1.5,49.000007823,37.2307586669922,4584.03564453125,198.519058227539,52.3269577026367,780.269775390625
background,-1.5,52.000007823,35.5277633666992,4712.83251953125,205.47216796875,36.555549621582,726.611938476562
background,-1.5,61.000007823,32.600025177002,3230.79907226562,132.399963378906,29.6000843048096,1195.19897460938
background,-1.5,7.000007823,70.4166641235352,1123.52819824219,137.500061035156,248.888854980469,1348.58325195312
background,-10.5,13.000007823,58.9444389343262,2246.58325195312,232.361038208008,250.388885498047,1026.66613769531
background,-10.5,19.000007823,49.4999961853027,4937.86181640625,288.555572509766,213.999969482422,91.4722213745117
background,-10.5,22.000007823,47.694450378418,5883.8037109375,329.611053466797,193.027770996094,37.666690826416
background,-10.5,28.000007823,48.0000381469727,4456.759765625,257.257415771484,143.258148193359,76.0646514892578
background,-10.5,4.000007823,83.0000762939453,566.002380371094,115,246,3837.99047851562
background,-10.5,40.000007823,41.0000267028809,3420.48486328125,164.999237060547,110.5,739.499816894531
background,-10.5,52.000007823,40.7272796630859,3329.45092773438,154.090789794922,57.5456237792969,1314.7275390625
background,-10.5,7.000007823,75.7241134643555,808.690673828125,148.103393554688,245.551696777344,2792.62255859375
background,-10.5,82.000007823,17,10394.0029296875,338.000091552734,-238,211.999954223633
background,-100.5,22.000007823,62.6111221313477,2830.5009765625,247.000106811523,146.972213745117,636.164978027344
background,-100.5,31.000007823,41.5833282470703,7265.890625,350.638946533203,83.1666412353516,558.99951171875
background,-100.5,34.000007823,38.6111145019531,8305.416015625,385.694458007812,51.3332824707031,569.916442871094
background,-100.5,37.000007823,36.9444465637207,9212.083984375,418.888946533203,13.4721660614014,525.8330078125
background,-100.5,43.000007823,32.7777786254883,10417.8056640625,447.333343505859,-51.3611145019531,507.916412353516
background,-100.5,52.000007823,22.3611106872559,13046.9443359375,488,-169.611114501953,471.916625976562
background,-103.5,19.000007823,66.8846054077148,1764.84716796875,210.577011108398,195.538330078125,1008.69287109375
background,-103.5,22.000007823,62.9722213745117,2791.11206054688,257.888824462891,139.000015258789,720.916931152344
background,-103.5,28.000007823,48.555549621582,5720.94921875,310.222412109375,107.694450378418,315.694305419922
background,-103.5,46.000007823,31.5833320617676,10639.5556640625,455.722259521484,-76.5000228881836,395.638763427734
background,-103.5,49.000007823,27.5277729034424,11937.1943359375,479.972229003906,-124.88890838623,389.527679443359
background,-106.5,34.000007823,46.0277786254883,7413.11279296875,376.750091552734,19.5832691192627,337.361053466797
background,-106.5,43.000007823,35.9166603088379,9000.751953125,414.194519042969,-53.1111373901367,325.749908447266
background,-106.5,79.000007823,13.2499942779541,14458.25,459,-363,75.4999847412109
background,-109.5,-25.999992177,56,1999.99926757812,126,180,1140.99987792969
background,-109.5,10.000007823,30,373,60,264,194
background,-109.5,19.000007823,44.2500038146973,2719.74975585938,141.999984741211,206.499938964844,285.750213623047
background,-109.5,25.000007823,57.5882377624512,4430.1767578125,265,180.235260009766,335.352722167969
background,-109.5,28.000007823,54.0605926513672,5103.21435546875,304.121215820312,149.545547485352,575.8173828125
background,-109.5,34.000007823,47.0277633666992,7354.30517578125,380.194366455078,21.4443626403809,395.055938720703
background,-109.5,37.000007823,38.4722137451172,8662.029296875,406.861114501953,-9.77777194976807,284.444305419922
background,-109.5,79.000007823,12,14491.5556640625,455.666656494141,-362.222229003906,64.6666793823242
background,-112.5,28.000007823,56.2857246398926,4646.3212890625,280.428619384766,158.892837524414,137.499862670898
background,-112.5,37.000007823,41.0555572509766,8053.193359375,390.666625976562,3.83325362205505,297.917053222656
background,-112.5,40.000007823,36.5555572509766,8857.4716796875,415,-29.527774810791,333.055694580078
background,-112.5,52.000007823,28.7222232818604,10825.83203125,442.249938964844,-119.249992370605,400.472381591797
background,-112.5,79.000007823,12,14488.9228515625,454.615386962891,-362.615386962891,69
background,-115.5,28.000007823,59.8571510314941,3872.71508789062,267.285736083984,151.285675048828,103.857055664062
background,-115.5,49.000007823,33.6666717529297,7770.27783203125,359.027740478516,-66.6388626098633,719.944519042969
background,-118.5,28.000007823,60.5,1777.9990234375,127.999954223633,149.000137329102,103.999687194824
background,-118.5,40.000007823,42.9166641235352,7729.4716796875,399.972198486328,-4.55555725097656,226.361511230469
background,-121.5,37.000007823,51.1071510314941,5092.2119140625,290.321319580078,83.4285736083984,513.679443359375
background,-124.5,40.000007823,51.8461608886719,4489.2236328125,262.153442382812,57.3076667785645,1336.00109863281
background,-124.5,46.000007823,45.6923141479492,4416.6875,226.461273193359,44.1538238525391,2147.3125
background,-13.5,-37.999992177,45,2252.00244140625,119,95.0007629394531,1814.99438476562
background,-13.5,13.000007823,57.9444427490234,2189.7216796875,233.222259521484,249.472183227539,1115.58203125
background,-130.5,52.000007823,31.4285678863525,4041.71508789062,168.571472167969,27.1428337097168,2588.00073242188
background,-133.5,52.000007823,32,4021.66723632812,174,23.3333015441895,2708.99536132812
background,-145.5,58.000007823,24,4094.99975585938,152.999984741211,9,1437.99987792969
background,-154.5,19.000007823,71.6666641235352,1102.33349609375,120.666648864746,171.000045776367,1848.83422851562
background,-157.5,22.000007823,67.7999877929688,1360.60009765625,122.199951171875,198.000442504883,1180.00048828125
background,-16.5,10.000007823,64.0000305175781,860.999816894531,144.666748046875,252.333312988281,2386.32983398438
background,-16.5,22.000007823,58.5714416503906,2560.27978515625,182.999740600586,189.380905151367,30.1904220581055
background,-16.5,25.000007823,56.3333511352539,2282.99365234375,159.332962036133,178.000045776367,38.6667747497559
background,-16.5,28.000007823,45.5624923706055,2773.68676757812,152.812484741211,150.749862670898,329.375640869141
background,-16.5,34.000007823,44.9999237060547,2577.00561523438,129.500289916992,134.999298095703,646.001953125
background,-16.5,79.000007823,17.4444446563721,11602.333984375,380.777801513672,-262.555541992188,161.333160400391
background,-160.5,4.000007823,89,158.999588012695,78.5,270,2602.50073242188
background,-166.5,55.000007823,24.9999980926514,4224.6669921875,177.333343505859,-11.0000228881836,940.333312988281
background,-169.5,-4.999992177,90,109,65,283,884
background,-169.5,52.000007823,26.2857151031494,3741.28564453125,159.714279174805,1.14283406734467,979.857177734375
background,-172.5,-19.999992177,62.5,1227.5,93.5,233,2193.5
background,-172.5,52.000007823,28,3537,152,2.33126975217601e-05,1147
background,-172.5,61.000007823,22,6541.50048828125,236.000030517578,-92.0000152587891,617.999938964844
background,-175.5,-22.999992177,55,1774,113,209,1552
background,-175.5,-43.999992177,43.3333320617676,2452.66674804688,129.66667175293,84.6666641235352,907.333374023438
background,-175.5,52.000007823,29.9999980926514,3533.75,152.5,1.74996328353882,1450.5
background,-178.5,-13.999992177,78,589,75,259,3257
background,-178.5,52.000007823,29.5,3546.00024414062,149.750015258789,0.375040620565414,1422.49987792969
background,-19.5,64.000007823,31.8518390655518,3930.74096679688,158.222229003906,-20.8889427185059,1280.29553222656
background,-19.5,76.000007823,20.1666641235352,10036.8173828125,344.250030517578,-233.316741943359,203.000213623047
background,-19.5,82.000007823,17,12401.4375,404.875,-307.5,187.687377929688
background,-22.5,16.000007823,55,1708.40026855469,115.199996948242,214.900024414062,141.200225830078
background,-22.5,67.000007823,30.3999996185303,4301.79931640625,170.29997253418,-32.400074005127,977.501647949219
background,-22.5,79.000007823,18.3888874053955,11443.72265625,382.75,-295.000091552734,225.444747924805
background,-25.5,16.000007823,53.6666679382324,1578.49938964844,94.4999771118164,206.500396728516,218.665679931641
background,-25.5,37.000007823,39.500057220459,2886.49682617188,145.499893188477,122.500534057617,1062.99816894531
background,-25.5,70.000007823,24.5624980926514,6962,253.812515258789,-175.968872070312,797.719360351562
background,-25.5,73.000007823,21.8055591583252,8655.0283203125,305.361145019531,-239.083557128906,571.167724609375
background,-28.5,37.000007823,35,3038.00341796875,141.000183105469,116.999290466309,1132.00500488281
background,-28.5,67.000007823,26.9999980926514,5684.79833984375,213.799926757812,-120.999687194824,848.79833984375
background,-28.5,70.000007823,24.388879776001,6949.529296875,254.722259521484,-213.694641113281,1024.13977050781
background,-28.5,82.000007823,17.1944446563721,11963.0546875,394.638885498047,-322.222229003906,205.666717529297
background,-31.5,67.000007823,26.124963760376,5690.87841796875,212.625076293945,-132.75032043457,835.501525878906
background,-31.5,76.000007823,13.5555515289307,10112.111328125,331.472229003906,-330.111114501953,802.722351074219
background,-34.5,-10.999992177,68.9998779296875,1064.00549316406,98.000114440918,233.999740600586,1736.99572753906
background,-34.5,-55.999992177,44.0000457763672,2517.99877929688,134.000045776367,-20.0005416870117,1561.00158691406
background,-34.5,-7.999992177,70.2500305175781,1142.28295898438,114.781410217285,225.562301635742,1380.77429199219
background,-34.5,67.000007823,22.2962665557861,6044.04052734375,223.777862548828,-164.740997314453,1215.96472167969
background,-34.5,73.000007823,12.2777767181396,9079.0009765625,300.416717529297,-315.333374023438,1179.00012207031
background,-34.5,76.000007823,12.6944456100464,10145.72265625,332.611114501953,-332.583343505859,836.222229003906
background,-34.5,79.000007823,13.2499980926514,11087.5283203125,360.888885498047,-345.138916015625,574.972290039062
background,-37.5,-10.999992177,67.1428756713867,1550.02001953125,131.768051147461,217.749969482422,992.031127929688
background,-37.5,-16.999992177,65.2500076293945,1208.00036621094,111.750007629395,224,1636.24963378906
background,-37.5,-55.999992177,45.9999542236328,2450.00024414062,135.000045776367,-42.9996910095215,1619.99987792969
background,-37.5,70.000007823,12.8611106872559,8249.306640625,279.444488525391,-285.055572509766,1488.77746582031
background,-37.5,76.000007823,12.1111097335815,10290.5283203125,337.638916015625,-337.194458007812,852.638793945312
background,-4.5,13.000007823,57.1110954284668,2553.47387695312,243.8056640625,242.916580200195,737.471984863281
background,-4.5,25.000007823,42.4444465637207,7881.4443359375,406.222290039062,168.083297729492,8.38891220092773
background,-4.5,28.000007823,40.1944427490234,8296.609375,424.083343505859,145.16667175293,15.8611669540405
background,-4.5,31.000007823,39.5000152587891,7792.0791015625,396.694396972656,99.9998321533203,123.02855682373
background,-4.5,34.000007823,41.0833549499512,5930.4677734375,307.610992431641,83.7502136230469,491.111907958984
background,-4.5,43.000007823,38.5000076293945,5337.7890625,256.708221435547,43.083423614502,669.333557128906
background,-4.5,52.000007823,32.9166717529297,4329.82958984375,178.374847412109,39.9584617614746,1074.83276367188
background,-4.5,7.000007823,71.8889007568359,1095.05541992188,139.083404541016,251.555572509766,1223.63806152344
background,-40.5,-10.999992177,71.9166946411133,1454.58190917969,152.500091552734,208.111175537109,612.194030761719
background,-40.5,-13.999992177,67.8055725097656,1329.00024414062,133.83349609375,202.499816894531,909.886108398438
background,-40.5,-19.999992177,63.7600288391113,1723.32055664062,162.640213012695,208.119720458984,1176.12097167969
background,-40.5,-22.999992177,57.6000289916992,1957.00280761719,151.600250244141,200.500198364258,1102.69860839844
background,-40.5,-4.999992177,76.6111145019531,811.166442871094,136.52783203125,245.972152709961,877.002319335938
background,-40.5,64.000007823,27.4999828338623,5853.2294921875,227.500045776367,-96.2274627685547,1200.22827148438
background,-40.5,73.000007823,11.3888874053955,9676.6953125,320.611145019531,-322.722229003906,1129.27746582031
background,-40.5,76.000007823,11.6388864517212,10494.556640625,344.222259521484,-341.333343505859,846.555419921875
background,-40.5,82.000007823,14.722225189209,11708.4443359375,385.138885498047,-324.555511474609,276.972045898438
background,-43.5,-16.999992177,68.5277862548828,1697.166015625,184.722274780273,191.916809082031,1076.86059570312
background,-43.5,-19.999992177,65.2777786254883,1961.69396972656,186.5,180.111114501953,1361.5556640625
background,-43.5,-7.999992177,75.8610916137695,818.5,161.666641235352,253.361083984375,932.50146484375
background,-43.5,61.000007823,26.5999641418457,5201.12158203125,202.400115966797,-88.6003341674805,1807.6669921875
background,-43.5,64.000007823,19.2499809265137,6859.55908203125,243.44450378418,-177.94465637207,1672.7783203125
background,-43.5,67.000007823,16.4722194671631,8076.02978515625,279.472290039062,-227.111145019531,1326.94384765625
background,-43.5,79.000007823,11.2777767181396,11397.361328125,370.472229003906,-356.972198486328,599.083129882812
background,-46.5,-10.999992177,71.0833358764648,741.387939453125,181.333282470703,239.194549560547,1397.47326660156
background,-46.5,-13.999992177,70.7222137451172,915.776306152344,162.499923706055,225.861190795898,1365.05737304688
background,-46.5,-22.999992177,60.7647361755371,2283.17602539062,177.058883666992,160.617645263672,1608.52673339844
background,-46.5,-25.999992177,50.3333435058594,2742.83544921875,169.166778564453,182.166717529297,2096.82934570312
background,-46.5,-7.999992177,72.8333282470703,555.971374511719,163.111099243164,251.638916015625,1374.64013671875
background,-46.5,67.000007823,17.7222328186035,8570.3349609375,296.500061035156,-214.749923706055,956.748718261719
background,-49.5,-10.999992177,71.3611297607422,617.194091796875,169.083297729492,258.27783203125,1760.27868652344
background,-49.5,-13.999992177,69.5000076293945,782.388854980469,157.027847290039,243.361206054688,1616.88891601562
background,-49.5,-16.999992177,68.7222290039062,1241.22033691406,169.388778686523,216.388961791992,1471.58386230469
background,-49.5,-4.999992177,82.1944808959961,312.139038085938,127.111038208008,259.222198486328,1996.00146484375
background,-49.5,61.000007823,29.3636283874512,5099.453125,203.999969482422,-74.2726593017578,1047.45361328125
background,-49.5,64.000007823,22.8571529388428,6805.22705078125,248.42854309082,-137.771255493164,907.512878417969
background,-49.5,70.000007823,17.6388931274414,9144.9150390625,321.027740478516,-205.555435180664,434.860473632812
background,-49.5,73.000007823,11.8611125946045,9906.388671875,332.972229003906,-285.638854980469,638.888549804688
background,-49.5,76.000007823,10.7777805328369,10650.416015625,351.944458007812,-317.611083984375,574.749755859375
background,-49.5,79.000007823,10.4722213745117,11497.6943359375,374,-349.611114501953,512.111022949219
background,-52.5,-1.999992177,82.3611145019531,519.389343261719,110.611083984375,258.777770996094,2075.19360351562
background,-52.5,-16.999992177,69.1944351196289,1356.86267089844,181.777877807617,213.444473266602,1620.77770996094
background,-52.5,-4.999992177,80.75,390.056121826172,132.277740478516,245.416687011719,1862.9716796875
background,-52.5,-7.999992177,74.8610992431641,376.25,175.027770996094,245.638900756836,2090.02856445312
background,-52.5,1.000007823,78.1388778686523,589.11083984375,112.138946533203,250.166656494141,2415.11059570312
background,-52.5,4.000007823,74.8387298583984,490.064697265625,117.838676452637,248.548370361328,2901.86889648438
background,-52.5,46.000007823,26.333309173584,6231.25048828125,251.416625976562,-28.7500286102295,1424.91650390625
background,-52.5,49.000007823,25.7142906188965,7019.4306640625,284.285766601562,-40.5714492797852,1203.85693359375
background,-52.5,70.000007823,17.3225746154785,8477.6123046875,301.935455322266,-184.161270141602,337.612854003906
background,-52.5,73.000007823,12.6111183166504,9532.4716796875,324.277770996094,-255.499908447266,474.249572753906
background,-52.5,76.000007823,10.8333339691162,10549.638671875,349.5,-304.388854980469,489.166473388672
background,-52.5,79.000007823,10.1944427490234,11577.7509765625,375.833343505859,-348.277770996094,484.388763427734
background,-52.5,82.000007823,13.6818208694458,11860.318359375,390.363647460938,-310.363616943359,207.681716918945
background,-55.5,-16.999992177,65.7222137451172,1659.55541992188,183.444412231445,225.027862548828,1408.66589355469
background,-55.5,-25.999992177,54.4722023010254,3540.41625976562,219.333267211914,164.805633544922,1610.35998535156
background,-55.5,-7.999992177,68.8888702392578,499.582946777344,185.249923706055,247.055618286133,2352.52758789062
background,-55.5,1.000007823,78.75,647.722351074219,124.277801513672,249.638916015625,2095.388671875
background,-55.5,70.000007823,16.1250286102295,8580.748046875,302.124969482422,-191.749694824219,344.748748779297
background,-55.5,73.000007823,14.9333457946777,9295.333984375,320.066680908203,-212.833236694336,282.832946777344
background,-55.5,79.000007823,10.25,11746.1953125,379.583343505859,-346.222198486328,448.777648925781
background,-55.5,82.000007823,13.6249933242798,12122.6259765625,396.541687011719,-315.541687011719,203.833343505859
background,-58.5,-1.999992177,81.5000152587891,481.471862792969,106.527786254883,265.833312988281,2261.19506835938
background,-58.5,-13.999992177,70.9166564941406,1073.05432128906,188.361145019531,220.527755737305,1807.38952636719
background,-58.5,-28.999992177,48.8055686950684,4273.44384765625,240.5,150.500045776367,1198.4716796875
background,-58.5,-52.999992177,51.2499847412109,2567.50146484375,136.000061035156,22.6251182556152,567.62451171875
background,-58.5,7.000007823,79,524.228820800781,94.0833358764648,257.541625976562,2280.20825195312
background,-58.5,76.000007823,13.5172481536865,10830.7939453125,358.896575927734,-273.793090820312,286.930908203125
background,-58.5,79.000007823,11.5000047683716,11943.583984375,385.833343505859,-334.055511474609,363.388610839844
background,-61.5,-13.999992177,70.25,1072.74829101562,184.805526733398,222.583374023438,1501.80578613281
background,-61.5,-22.999992177,54.2222213745117,3800.5556640625,244.555557250977,182.777786254883,638.999938964844
background,-61.5,-28.999992177,50.2777824401855,4581.7783203125,276.0556640625,144.166717529297,911.721313476562
background,-61.5,-34.999992177,47.3333358764648,5092.4169921875,279.972259521484,94.1944732666016,887.832824707031
background,-61.5,-4.999992177,80.5000152587891,378.277770996094,111.611061096191,261.75,2485.9443359375
background,-61.5,-40.999992177,46.7142791748047,4968.57666015625,263.143127441406,76.4286117553711,380.142791748047
background,-61.5,-7.999992177,70.2222290039062,467.583312988281,151.055465698242,253.777816772461,2362.00073242188
background,-61.5,10.000007823,79.1666717529297,606.5,106.458366394043,251.708343505859,1730.76867675781
background,-61.5,16.000007823,69,1065.71484375,99.7143325805664,234.428833007812,1893.2783203125
background,-61.5,46.000007823,25.5714321136475,8201.1689453125,326.095336914062,-47.9048233032227,1343.18981933594
background,-61.5,49.000007823,23.2000007629395,8881.40234375,344.500091552734,-101.00008392334,1041.39990234375
background,-61.5,76.000007823,13.7777786254883,11452.66796875,373.055572509766,-292.77783203125,277.666717529297
background,-64.5,-10.999992177,72.2222290039062,619.666870117188,157.611038208008,250.583343505859,1764.27795410156
background,-64.5,-25.999992177,51.7777824401855,4312.275390625,266.083190917969,131.805389404297,603.276977539062
background,-64.5,-34.999992177,48.3055648803711,5570.41552734375,311.722229003906,90.9722366333008,639.083129882812
background,-64.5,-37.999992177,47.9722290039062,5742.80615234375,313.694519042969,78.4444427490234,448.250305175781
background,-64.5,-4.999992177,81.9166717529297,299.666931152344,111.52774810791,260.666656494141,2522.63940429688
background,-64.5,-40.999992177,46.9310455322266,5247.244140625,277.620849609375,76.7241134643555,257.931060791016
background,-64.5,-43.999992177,46.7333564758301,4713.20361328125,243.800201416016,67.9332504272461,186.199905395508
background,-64.5,-55.999992177,51.5999984741211,2843.80126953125,154.399993896484,9.80007648468018,571.599426269531
background,-64.5,-7.999992177,75.1389083862305,468.110504150391,135.88883972168,255.305572509766,2171.1396484375
background,-64.5,10.000007823,79.5357284545898,586.785949707031,124.857086181641,254.928604125977,995.891540527344
background,-64.5,19.000007823,67.9999847412109,1156.00073242188,102.00008392334,243.833419799805,1308.66320800781
background,-64.5,31.000007823,35.0000190734863,3619.00048828125,155.000061035156,172.000015258789,1473.99963378906
background,-64.5,49.000007823,22.958324432373,9442.2939453125,365.625122070312,-101.458457946777,1050.54187011719
background,-67.5,-1.999992177,85.8333358764648,380.777862548828,104.611099243164,251.111099243164,3162.50146484375
background,-67.5,-13.999992177,70.1389007568359,1204.05480957031,154.472229003906,225.638748168945,1738.27770996094
background,-67.5,-37.999992177,50.0277824401855,5809.16650390625,320.138885498047,68.3888778686523,251.972030639648
background,-67.5,-40.999992177,48.7777900695801,5544.61181640625,292.833374023438,39.8055114746094,195.66667175293
background,-67.5,-46.999992177,46.1034393310547,4622.41552734375,226.413864135742,43.655101776123,205.723968505859
background,-67.5,-7.999992177,79.3889007568359,515.166320800781,137.749984741211,247.638885498047,2252.66796875
background,-67.5,10.000007823,75.8518524169922,669.407348632812,140.518508911133,252.221969604492,1266.96264648438
background,-67.5,43.000007823,28.2999954223633,8465.302734375,344.500091552734,-42.900032043457,1230.29968261719
background,-67.5,46.000007823,27.1714305877686,9957.8037109375,402.457305908203,-90.0286712646484,1086.68530273438
background,-7.5,10.000007823,63.3333282470703,1548.44555664062,210.750213623047,245.527709960938,1341.88989257812
background,-7.5,22.000007823,46.6111145019531,6570.52685546875,357.444427490234,190.944427490234,23.1111373901367
background,-7.5,4.000007823,72.6428604125977,882.928405761719,107.857307434082,242.571441650391,2464.93481445312
background,-7.5,43.000007823,39.4800033569336,4650.671875,223.159591674805,60.0002632141113,1080.72106933594
background,-7.5,61.000007823,35.4000015258789,2786.0009765625,119,28.3998775482178,1427.20129394531
background,-7.5,7.000007823,71.4722213745117,952.221618652344,156.111297607422,242.472183227539,1675.94641113281
background,-7.5,70.000007823,26.5,3953.49975585938,152.500030517578,-59.9998397827148,731.498840332031
background,-70.5,-1.999992177,85.9444274902344,438.50048828125,104.305564880371,251.638885498047,3057.24951171875
background,-70.5,-22.999992177,61.5293159484863,2535.1181640625,191.17610168457,119.706275939941,5.82348966598511
background,-70.5,-28.999992177,61.5333213806152,2723.330078125,195.499725341797,43.4004364013672,86.4330368041992
background,-70.5,-31.999992177,57.3030548095703,3654.53833007812,230.454193115234,32.3333930969238,253.181777954102
background,-70.5,-34.999992177,53.1388931274414,4537.24462890625,267.971954345703,39.6666374206543,631.528625488281
background,-70.5,-43.999992177,48.4722328186035,4517.22021484375,237.222183227539,17.4444484710693,383.447418212891
background,-70.5,-55.999992177,50.181812286377,2478.81762695312,135.272705078125,8.81816005706787,1186.45458984375
background,-70.5,1.000007823,80.6110763549805,600.973388671875,112.472274780273,251.027801513672,3097.83178710938
background,-70.5,10.000007823,78.98486328125,568.470275878906,123.287773132324,236.621490478516,1013.69744873047
background,-70.5,19.000007823,73.7916717529297,1257.25048828125,147.375076293945,223.79182434082,1359.95703125
background,-70.5,22.000007823,59.6666297912598,1641.66821289062,114.333374023438,238.999954223633,676.000061035156
background,-70.5,46.000007823,26.0833225250244,10413.9462890625,413.444458007812,-105.222259521484,1064.75
background,-73.5,-1.999992177,84.1388778686523,511.861633300781,110.250007629395,253.611099243164,2912.0830078125
background,-73.5,-13.999992177,75.6944580078125,1206.52648925781,214.305480957031,75.2782516479492,774.556579589844
background,-73.5,-4.999992177,82.8889007568359,427.861236572266,120.777763366699,257.305572509766,2490.22265625
background,-73.5,-40.999992177,50.7500190734863,2870.36987304688,168.583160400391,64.5418472290039,2019.79223632812
background,-73.5,-46.999992177,46.3714370727539,3000.76708984375,151.399810791016,21.9428749084473,1807.94836425781
background,-73.5,-49.999992177,47.4166641235352,3125.38549804688,163.055389404297,10.3055973052979,1910.00939941406
background,-73.5,-7.999992177,77.3055725097656,556.66650390625,138.416641235352,250.055603027344,2026.05651855469
background,-73.5,22.000007823,56.6666374206543,1821.16711425781,122.000022888184,236,793.500061035156
background,-73.5,25.000007823,52,2033.99951171875,124.999969482422,231,892.999938964844
background,-73.5,4.000007823,78.3333740234375,648.776428222656,121.22216796875,219.999847412109,2345.69165039062
background,-73.5,76.000007823,15.9999618530273,12472.005859375,398.000091552734,-281.000579833984,106.000984191895
background,-76.5,-10.999992177,75.5454177856445,1076.18359375,172.393890380859,98.0909805297852,755.363037109375
background,-76.5,-4.999992177,82.9166717529297,414.416656494141,119.416618347168,244.027755737305,2046.25048828125
background,-76.5,-7.999992177,82.8611297607422,569.944458007812,159.388870239258,187.972198486328,1625.22009277344
background,-76.5,10.000007823,81.4166870117188,407.916534423828,109.916458129883,266.083404541016,1314.49914550781
background,-76.5,22.000007823,61.9999847412109,1806.18786621094,149.375015258789,233.062469482422,1104.56262207031
background,-76.5,28.000007823,44,3032.49951171875,161.499954223633,201.500030517578,1432.00048828125
background,-76.5,49.000007823,23.6944446563721,12004.1396484375,466.972259521484,-161.888900756836,941.083068847656
background,-76.5,67.000007823,15,12492.2314453125,421.076934814453,-267.692321777344,216.153793334961
background,-76.5,7.000007823,85.4242324829102,347.333831787109,108.424278259277,231.151901245117,3352.69311523438
background,-79.5,-4.999992177,80.0833282470703,959.667297363281,145.638870239258,199.166412353516,922.275634765625
background,-79.5,25.000007823,48.7000312805176,3066.70166015625,171.500183105469,200.799926757812,1307.80017089844
background,-79.5,28.000007823,48.1999969482422,3757.80297851562,204.400177001953,177.499923706055,1331.69921875
background,-79.5,37.000007823,37.5,7798.55615234375,344.361145019531,23.8888206481934,1123.83312988281
background,-79.5,43.000007823,27.5555515289307,9244.6953125,363.611083984375,-48.222225189209,956.805419921875
background,-79.5,64.000007823,17.2499980926514,11898.501953125,414.500061035156,-251.750061035156,272.500091552734
background,-79.5,7.000007823,76.3333053588867,612.333190917969,116.000076293945,250.555786132812,2003.11669921875
background,-82.5,-4.999992177,61.6666679382324,2425.66650390625,177.666656494141,195.666656494141,33.333438873291
background,-82.5,10.000007823,77.8235473632812,627.999938964844,118.823463439941,226.470550537109,3541.23266601562
background,-82.5,31.000007823,43.2714347839355,6021.0732421875,290.457244873047,113.414222717285,1265.1142578125
background,-82.5,37.000007823,37.8611030578613,7809.36279296875,344.861175537109,14.9166717529297,1206.33325195312
background,-82.5,40.000007823,31.9999904632568,8911.1962890625,367.250030517578,-16.055570602417,997.666259765625
background,-82.5,46.000007823,25.6944484710693,10090.1123046875,399.527862548828,-90.3056106567383,843.583312988281
background,-82.5,55.000007823,21.0666618347168,12995.0009765625,490.133361816406,-210.533355712891,525.200073242188
background,-85.5,13.000007823,71.7428436279297,916.086975097656,136.828659057617,233.257049560547,1949.369140625
background,-85.5,22.000007823,63.2000007629395,1896.59936523438,147.199966430664,225.800033569336,1283.60009765625
background,-85.5,31.000007823,42.5,6369.87646484375,296.156280517578,103.218696594238,1417.81262207031
background,-85.5,37.000007823,35.333324432373,8232.556640625,354.083374023438,21.4721851348877,1291.08312988281
background,-85.5,43.000007823,28.4722137451172,9515.193359375,377.499969482422,-45.6944541931152,857.611083984375
background,-85.5,46.000007823,26.9166622161865,9638.1943359375,383.472198486328,-75.3611221313477,821.972229003906
background,-85.5,52.000007823,22.3888854980469,13048.306640625,501.611114501953,-191.500015258789,684.611022949219
background,-88.5,13.000007823,73.6666488647461,958.834716796875,161.444427490234,227.444290161133,1720.99792480469
background,-88.5,28.000007823,34,5762.0009765625,243.000091552734,128.499954223633,1491.00073242188
background,-88.5,31.000007823,40.4848556518555,6483.15283203125,298.151611328125,100.484794616699,1533.96960449219
background,-88.5,34.000007823,38.7499923706055,7552.0849609375,337.638916015625,60.1944122314453,1423.61096191406
background,-88.5,40.000007823,29.6110992431641,9761.16796875,391.77783203125,-23.166711807251,975.944213867188
background,-88.5,46.000007823,27.5555553436279,10474.001953125,422.250061035156,-94.1389465332031,802.722229003906
background,-88.5,49.000007823,25.1666641235352,11521.0302734375,463.361236572266,-145.055618286133,771.91650390625
background,-91.5,13.000007823,75.2857055664062,706.713989257812,140.571472167969,256.285369873047,1903.14245605469
background,-91.5,16.000007823,70.6856918334961,1293.00170898438,165.685836791992,201.228546142578,2125.02661132812
background,-91.5,40.000007823,29.0555534362793,9943.7236328125,403.638916015625,-24.2222766876221,952.000061035156
background,-91.5,49.000007823,24.4999923706055,12136.6689453125,479.972259521484,-150.972259521484,725.166564941406
background,-91.5,61.000007823,16,14873.3349609375,507.333374023438,-297.000030517578,297.333374023438
background,-91.5,73.000007823,14.076922416687,13945.384765625,452.692321777344,-326.615386962891,144
background,-91.5,79.000007823,11.6666631698608,14727.798828125,457.399932861328,-380.033416748047,130.633483886719
background,-94.5,16.000007823,67.7142639160156,1518.14379882812,173.571380615234,222.904632568359,1696.04907226562
background,-94.5,19.000007823,58.8571281433105,2160.42846679688,167.28564453125,226.142807006836,2124.2841796875
background,-94.5,28.000007823,35.2000350952148,6056.400390625,266.200164794922,123.799964904785,1208.39978027344
background,-94.5,37.000007823,32.9166603088379,8897.751953125,385.02783203125,18.2221755981445,1082.13854980469
background,-94.5,40.000007823,29.25,10130.4453125,413.750030517578,-27.3055934906006,924.138488769531
background,-94.5,46.000007823,25.4444427490234,11952.4462890625,471.722259521484,-113.666709899902,681.944213867188
background,-97.5,19.000007823,65.4428558349609,1991.6015625,208.242980957031,166.385650634766,1230.21264648438
background,-97.5,22.000007823,51.775016784668,3402.4013671875,201.25016784668,188.100006103516,1188.9990234375
background,-97.5,31.000007823,38.4166641235352,7140.05712890625,335.083404541016,93.6943893432617,864.193969726562
background,-97.5,34.000007823,35.4166641235352,8291.0849609375,371.916717529297,59.2221755981445,879.249389648438
background,-97.5,37.000007823,32.8333358764648,9370.390625,403.972290039062,17.6666164398193,808.249450683594
background,-97.5,40.000007823,30.8611145019531,10228.9453125,427.000030517578,-25.1389312744141,740.082946777344
background,-97.5,52.000007823,21.4166603088379,13542.333984375,510.027770996094,-183.444458007812,482.499908447266
background,-97.5,76.000007823,14.619044303894,13919.9052734375,452.666687011719,-337.190490722656,112.904724121094
background,1.5,13.000007823,58.3888893127441,2571.2783203125,238.666717529297,255.805557250977,589.582702636719
background,1.5,19.000007823,49.0833320617676,5145.833984375,300.555603027344,209.222244262695,93.9721069335938
background,1.5,28.000007823,38.9444351196289,8398.140625,395.944488525391,132.944442749023,17.8055400848389
background,1.5,37.000007823,30.4166679382324,6361.0732421875,264.832885742188,90.8336334228516,502.333099365234
background,1.5,43.000007823,36.2777976989746,5660.6103515625,251.472229003906,43.1109352111816,809.33447265625
background,10.5,-16.999992177,51.2000122070312,2193.80151367188,131.60009765625,167.399993896484,26.6000518798828
background,10.5,16.000007823,54.5555572509766,4054.58374023438,282.055541992188,211.944442749023,92.5278701782227
background,10.5,4.000007823,75.51611328125,881.548706054688,113.838668823242,228.226058959961,2181.03833007812
background,10.5,43.000007823,31.2083129882812,5840.4990234375,243.68733215332,62.2082290649414,755.959350585938
background,10.5,58.000007823,24.2499961853027,6479.84912109375,243.17497253418,-11.2500123977661,729.650268554688
background,100.5,16.000007823,54.4722099304199,1976.47106933594,202.083389282227,237.694351196289,1200.47387695312
background,100.5,19.000007823,53.0555534362793,2532.22265625,228.138977050781,203.999862670898,1351.30358886719
background,100.5,28.000007823,46.6666488647461,5067.724609375,264.777801513672,10.1938514709473,882.137634277344
background,100.5,31.000007823,44.0277671813965,6290.86328125,325.555572509766,-67.889045715332,709.914978027344
background,100.5,79.000007823,18.399995803833,12353.5517578125,411.525054931641,-307.924987792969,211.774917602539
background,103.5,-1.999992177,89.1212158203125,290.803039550781,98.9848785400391,261.16650390625,2563.21337890625
background,103.5,-4.999992177,88.2631759643555,281.946502685547,105.684196472168,248.263229370117,2887.84497070312
background,103.5,1.000007823,88.3393020629883,342.124725341797,98.6607818603516,262.089263916016,2444.96240234375
background,103.5,22.000007823,47.6944923400879,3716.49536132812,198.194473266602,145.05534362793,1575.58312988281
background,103.5,25.000007823,44.3611602783203,4600.9404296875,231.91667175293,91.6389083862305,1024.33203125
background,103.5,34.000007823,37.8056030273438,7084.46875,347.889068603516,-61.1117286682129,657.1669921875
background,103.5,37.000007823,31.8333587646484,9453.2451171875,403.555480957031,-69.8889923095703,318.195007324219
background,103.5,4.000007823,82.6190948486328,618.474853515625,105.952445983887,248.190277099609,2637.09375
background,103.5,7.000007823,76.3334426879883,789.332275390625,100.333480834961,256.000122070312,2816.98950195312
background,106.5,-10.999992177,73.0001754760742,605.997741699219,66.9998245239258,251.999465942383,1758.01098632812
background,106.5,22.000007823,36.3889274597168,4848.46923828125,208.666656494141,150.666656494141,1655.10925292969
background,106.5,37.000007823,29.7500076293945,9823.2236328125,405.777893066406,-56.4445419311523,349.054595947266
background,106.5,4.000007823,77.6666107177734,687.002685546875,91.0000457763672,258.000152587891,2365.33178710938
background,106.5,43.000007823,26.3333358764648,12715.279296875,484.666717529297,-119.333312988281,106.499908447266
background,106.5,46.000007823,26.8889007568359,13338.4140625,498.972229003906,-164.805572509766,165.055694580078
background,106.5,79.000007823,18.4000186920166,12446.39453125,413.799865722656,-303.000030517578,210.400268554688
background,109.5,-4.999992177,79.5,534.999938964844,121,264.499969482422,1941.00231933594
background,109.5,4.000007823,80.4999847412109,540.001953125,85.4999847412109,259.499816894531,2568.99536132812
background,109.5,40.000007823,27.5555591583252,11639.5546875,458.138824462891,-98.1110687255859,326.2490234375
background,109.5,43.000007823,26.1388835906982,13020.9697265625,494.499877929688,-128.55549621582,149.055267333984
background,109.5,46.000007823,25.6944389343262,14031.33203125,511.027709960938,-175.250015258789,173.861038208008
background,112.5,-1.999992177,87.5714492797852,363.799530029297,94.485710144043,256.400054931641,2858.4580078125
background,112.5,19.000007823,36.0001831054688,3842.98461914062,174,185.000274658203,1874.00085449219
background,112.5,25.000007823,28.6111011505127,6956.25146484375,279.583343505859,91.3886489868164,1562.38806152344
background,112.5,4.000007823,88.7777099609375,349.446502685547,90.6667404174805,259.333465576172,3615.32739257812
background,115.5,-19.999992177,53.2000427246094,4164.5927734375,242.399642944336,204.60009765625,298.199523925781
background,115.5,-25.999992177,47.2500190734863,5745.71435546875,305.027465820312,151.694549560547,214.722381591797
background,115.5,-28.999992177,48.6896705627441,5283.576171875,285.792724609375,132.620864868164,361.483459472656
background,115.5,-31.999992177,49.1052742004395,4548.77685546875,255.420455932617,117.789710998535,664.634399414062
background,115.5,1.000007823,91.1666793823242,195.000030517578,81.5000381469727,238.527481079102,3281.56298828125
background,115.5,25.000007823,31.1388874053955,6378.86669921875,268.472412109375,106.277587890625,1681.47265625
background,115.5,43.000007823,25.4999980926514,13407.4765625,498.444580078125,-164.249969482422,317.165863037109
background,115.5,46.000007823,24.9444446563721,14220.857421875,522.083251953125,-184.277755737305,231.083129882812
background,118.5,1.000007823,87.1944961547852,260.193267822266,83.2777099609375,260.000030517578,1871.25744628906
background,118.5,10.000007823,76.8332977294922,585.083984375,98.5833969116211,261.833068847656,1983.58410644531
background,118.5,16.000007823,67.666618347168,865.000793457031,120.666687011719,259.333374023438,2975.33154296875
background,118.5,28.000007823,27.5000057220459,7365.22900390625,293.750305175781,67.7778701782227,1811.44372558594
background,118.5,31.000007823,24.0555667877197,8759.1943359375,326.194458007812,42.1388702392578,1273.13842773438
background,118.5,40.000007823,27.0967884063721,11170.0966796875,422.838745117188,-58.871036529541,599.580017089844
background,118.5,43.000007823,27.3055458068848,12368.642578125,467.222320556641,-129.472579956055,412.722045898438
background,118.5,7.000007823,82.5556182861328,504.331146240234,93.1110229492188,261.444244384766,2628.99609375
background,121.5,-1.999992177,79.6249847412109,482.749481201172,100.875030517578,236.017608642578,2081.396484375
background,121.5,-16.999992177,55.1428909301758,2961.13696289062,199.856842041016,224.71435546875,614.714965820312
background,121.5,-19.999992177,53.8276138305664,4379.99365234375,265.551483154297,201.896682739258,375.793365478516
background,121.5,-25.999992177,45.0277709960938,6359.056640625,327.750030517578,135.305572509766,222.333694458008
background,121.5,16.000007823,66.1346130371094,1174.22912597656,130.096221923828,234.538787841797,2671.74780273438
background,121.5,31.000007823,23.0769329071045,8241.3896484375,303.807922363281,52.8844718933105,1151.15490722656
background,121.5,40.000007823,22.9583530426025,11293.8330078125,410.500091552734,-62.3749313354492,638.082397460938
background,121.5,43.000007823,25.8889064788818,12678.88671875,470.583282470703,-103.027793884277,447.666046142578
background,124.5,-1.999992177,79.1500778198242,394.149993896484,97.9499816894531,256.050140380859,2091.89770507812
background,124.5,-13.999992177,58.375057220459,1940.49328613281,154.624633789062,244.750335693359,1278.87219238281
background,124.5,-22.999992177,47.8889045715332,5819.720703125,312.305511474609,170.333435058594,215.611236572266
background,124.5,-28.999992177,47.1388778686523,5539.53173828125,305.638977050781,121.333343505859,195.722305297852
background,124.5,-34.999992177,55.6666526794434,3204.3349609375,203.333419799805,124.33332824707,519.666809082031
background,124.5,4.000007823,90,283.000823974609,98.9999008178711,263.499847412109,3532.50170898438
background,124.5,40.000007823,23.9310264587402,11466.3095703125,430.103302001953,-80.7240142822266,963.412048339844
background,127.5,-1.999992177,77.7499923706055,528.785461425781,83.6072387695312,249.035430908203,1838.5361328125
background,127.5,-16.999992177,54.0555572509766,3660.21728515625,249.027572631836,215.361068725586,717.696899414062
background,127.5,-22.999992177,47.8889007568359,5777.470703125,308.083282470703,166.000106811523,239.33317565918
background,127.5,-7.999992177,68.6999664306641,947.499145507812,115.800033569336,246.499740600586,1477.10192871094
background,127.5,10.000007823,79.3333969116211,777.997741699219,95.6667251586914,255.66584777832,4471.98974609375
background,127.5,25.000007823,28.6666355133057,4428.00146484375,178.666763305664,167.666595458984,2157.33374023438
background,127.5,4.000007823,88.4999542236328,313.499847412109,97.5001068115234,257.500305175781,3187.99951171875
background,13.5,-1.999992177,72.7777862548828,982.695190429688,125.388916015625,223.250015258789,1827.11059570312
background,13.5,-10.999992177,60.9472503662109,1838.90063476562,145.105102539062,206.526428222656,787.523193359375
background,13.5,-13.999992177,63.4515419006348,1860.38989257812,178.999618530273,183.54866027832,774.447082519531
background,13.5,-22.999992177,68.9999771118164,1874.1201171875,178.124206542969,157.124771118164,20.6248207092285
background,13.5,13.000007823,55.8611106872559,3172.83618164062,267.361145019531,225.694351196289,373.027160644531
background,13.5,16.000007823,53.9444389343262,4362.05810546875,290.472290039062,208.722152709961,78.2219314575195
background,13.5,22.000007823,45.3055458068848,6552.97265625,338.388885498047,151.944427490234,8.2499885559082
background,13.5,25.000007823,42.5833282470703,6991.14013671875,347.305541992188,134.749954223633,5.75003957748413
background,13.5,31.000007823,43.7221984863281,6264.0029296875,320.333435058594,114.499893188477,95.6390533447266
background,13.5,4.000007823,78.9722137451172,664.86181640625,127.416618347168,227.861114501953,1560.08361816406
background,13.5,43.000007823,31.440013885498,6233.16064453125,261.800048828125,50.2799911499023,819.040100097656
background,13.5,49.000007823,31.1944465637207,6975.36083984375,283.416625976562,-19.5554752349854,848.193969726562
background,13.5,52.000007823,28.9444484710693,6856.9697265625,265.694366455078,-3.86106014251709,572.527709960938
background,13.5,7.000007823,68.0277557373047,1095.33422851562,177.694534301758,222.889007568359,1504.5556640625
background,13.5,79.000007823,18.0384674072266,6702.57421875,231.692199707031,-148.615325927734,394.692687988281
background,130.5,-1.999992177,81.3421173095703,496.157867431641,74.3420944213867,257.052673339844,2681.02124023438
background,130.5,-7.999992177,66.2222366333008,867.555908203125,100.833335876465,256.277801513672,1912.27612304688
background,130.5,25.000007823,33,3963.99926757812,169,178,1648.00146484375
background,130.5,28.000007823,28.7999992370605,4987.20068359375,199.999954223633,148.200103759766,2838.49731445312
background,130.5,40.000007823,27.7500038146973,9361.771484375,368.000732421875,-61.7511138916016,757.751770019531
background,130.5,43.000007823,24.766695022583,11923.6123046875,444.533843994141,-124.300422668457,648.332885742188
background,133.5,-16.999992177,54.5555725097656,4013.80346679688,270.972229003906,205.638946533203,622.61181640625
background,133.5,-19.999992177,49.416690826416,4931.97119140625,282.027801513672,182.611145019531,391.389251708984
background,133.5,-25.999992177,47.2222328186035,6142.91650390625,325.500091552734,126.861030578613,213.750625610352
background,133.5,-28.999992177,49.4166831970215,5458.859375,304.666687011719,128.250015258789,178.305679321289
background,133.5,-34.999992177,53,3220.986328125,185.999404907227,122,439.002258300781
background,133.5,-4.999992177,75.7352828979492,711.588134765625,88.8823394775391,252.999740600586,2509.17822265625
background,133.5,37.000007823,27,7578.9931640625,293.999877929688,39.0005264282227,1870.99682617188
background,133.5,7.000007823,86.9999694824219,261.834014892578,79.333366394043,271.333343505859,3501.99926757812
background,136.5,-10.999992177,60.8571701049805,1595.00085449219,139.000076293945,245.142852783203,1408.14172363281
background,136.5,-13.999992177,56.8333473205566,2453.55639648438,180.77799987793,234.277770996094,1130.66589355469
background,136.5,-19.999992177,50.9444351196289,4980.109375,292.833190917969,180.277816772461,366.528076171875
background,136.5,-22.999992177,48.8055572509766,5888.2490234375,325.277740478516,149.333282470703,260.194946289062
background,136.5,-28.999992177,46.3888893127441,6050.85986328125,317.333282470703,130.777801513672,149.88883972168
background,136.5,-31.999992177,48.6944732666016,5098.3330078125,280.361175537109,114.222206115723,238.471923828125
background,136.5,34.000007823,26.5499782562256,7715.65576171875,301.000061035156,47.6999664306641,2096.89135742188
background,136.5,76.000007823,20.8333339691162,13582.173828125,454.166870117188,-313.166717529297,150.833374023438
background,139.5,-22.999992177,47.972240447998,5707.333984375,308.639007568359,161,264.916717529297
background,139.5,-34.999992177,51.1935157775879,4254.8037109375,246.515808105469,104.096817016602,405.097137451172
background,139.5,-4.999992177,84.2856979370117,571.286743164062,103.000106811523,225.742645263672,3728.76416015625
background,139.5,-7.999992177,75.3043441772461,838.43505859375,110.086944580078,251.478271484375,2259.74365234375
background,139.5,34.000007823,26.3889446258545,7017.17919921875,282.667236328125,54.4995079040527,2019.55798339844
background,142.5,-25.999992177,45.833324432373,6140.16650390625,313.527770996094,142.138931274414,263.026977539062
background,142.5,-28.999992177,44.1944427490234,6211.8896484375,310.138885498047,125.722267150879,239.221618652344
background,142.5,-31.999992177,45.9444389343262,5689.86083984375,296.611083984375,110.944473266602,260.860504150391
background,142.5,-37.999992177,49.9230728149414,3782.88671875,221.346389770508,86.4231414794922,701.614318847656
background,142.5,-4.999992177,88.2777709960938,361.945098876953,107.610931396484,226.527618408203,3452.53442382812
background,142.5,-40.999992177,48,2462,136,106,944
background,142.5,-7.999992177,75.6285781860352,836.341918945312,109.571411132812,248.6572265625,2740.02490234375
background,142.5,37.000007823,25.6666622161865,7758.8330078125,299.833343505859,24.6667060852051,1246.50146484375
background,142.5,43.000007823,23.0714149475098,9546.3916015625,358.642730712891,-67.4998397827148,1222.14379882812
background,142.5,76.000007823,21.1666774749756,12648.7783203125,424.77783203125,-302.333343505859,100.944488525391
background,145.5,-13.999992177,60.6250267028809,1963.37756347656,151.12548828125,228.625030517578,1350.05651855469
background,145.5,-22.999992177,50.8888854980469,4975.11181640625,287.638946533203,156.972351074219,523.943481445312
background,145.5,-43.999992177,48.8750267028809,2646.24829101562,151.125030517578,66.500244140625,1670.01098632812
background,145.5,-7.999992177,82.3181304931641,724.045837402344,118.545356750488,221.682174682617,3060.28466796875
background,145.5,13.000007823,77.0000991821289,480.00244140625,72.0001220703125,259.500366210938,2275.50122070312
background,145.5,19.000007823,57.9999504089355,1261.00354003906,84.5000991821289,231.50080871582,1759.99365234375
background,148.5,-31.999992177,46.3055458068848,5595.75439453125,293.000122070312,95.6668930053711,612.081359863281
background,148.5,-37.999992177,48.6000022888184,3899.46337890625,218.900756835938,72.3993911743164,914.451843261719
background,148.5,-4.999992177,83.0833358764648,415.916412353516,91.5001754760742,241.58283996582,3175.41967773438
background,148.5,-40.999992177,50.2856674194336,3042.11254882812,180.428787231445,79.2854156494141,806.358215332031
background,148.5,-7.999992177,81.0313339233398,717.124633789062,113.875183105469,223.500076293945,2897.55712890625
background,148.5,7.000007823,88,142,70,273,3281
background,151.5,-10.999992177,71,860.537048339844,92.6429214477539,249.571151733398,2926.70288085938
background,151.5,-22.999992177,50.3077583312988,3661.00537109375,209.538925170898,167.307601928711,920.151245117188
background,151.5,-28.999992177,49.9444351196289,4863.6201171875,270.194854736328,103.444442749023,867.856323242188
background,151.5,7.000007823,88,126.000152587891,67,272.999786376953,3529.998046875
background,151.5,76.000007823,17.5,14508.2470703125,474.249908447266,-331,110.000076293945
background,154.5,-1.999992177,88,222,70,269,3254
background,154.5,-10.999992177,72.6667022705078,758.669311523438,84.6666641235352,251.000076293945,2499.32568359375
background,154.5,-4.999992177,86.75,306.452209472656,76.5000610351562,260.49951171875,2998.75268554688
background,154.5,-7.999992177,82.4999618530273,481.999755859375,81.900032043457,260.399932861328,4019.80200195312
background,154.5,4.000007823,87,137.999374389648,72,272,3742.00048828125
background,157.5,-7.999992177,85.7000045776367,401.699981689453,78.599983215332,256.700073242188,3458.904296875
background,16.5,-13.999992177,61.2500076293945,2249.46826171875,244.971984863281,166.33332824707,1054.61206054688
background,16.5,-25.999992177,57.388916015625,3484.24072265625,225.360656738281,120.944442749023,113.332969665527
background,16.5,-28.999992177,58.8889427185059,3098.65283203125,211.72151184082,128.166748046875,92.6105270385742
background,16.5,-4.999992177,72.4443969726562,969.891174316406,144.58332824707,222.416702270508,1533.33227539062
background,16.5,1.000007823,82.6110992431641,566.361450195312,121.805610656738,242.194442749023,1680.83288574219
background,16.5,22.000007823,46.4722137451172,6340.25146484375,332.888946533203,133.444549560547,15.47216796875
background,16.5,25.000007823,45.4444274902344,6589.11279296875,343.305603027344,131.444427490234,2.94446206092834
background,16.5,40.000007823,31.7399883270264,5717.56103515625,236.399978637695,82.819694519043,678.060607910156
background,16.5,43.000007823,31.2727184295654,6354.31689453125,262.681701660156,43.9543685913086,972.635925292969
background,16.5,55.000007823,24.4117794036865,7323.76416015625,271.705841064453,-20.4116859436035,620.794250488281
background,16.5,79.000007823,16.7931041717529,7149.0703125,247.724166870117,-162.206939697266,290.517425537109
background,160.5,7.000007823,88,72,72,273,3940
background,163.5,-10.999992177,82.9999237060547,455.005493164062,86.0002136230469,249.998428344727,3653.009765625
background,163.5,-19.999992177,55.0000610351562,2065.99853515625,127.999946594238,200.250137329102,1421.9931640625
background,163.5,4.000007823,88.5000534057617,113.999465942383,66.4999465942383,269.499938964844,5431.001953125
background,166.5,-19.999992177,54.0000419616699,2178.92895507812,134.571426391602,196.285614013672,1758.63891601562
background,166.5,10.000007823,87.5000762939453,179.000244140625,54.5,274.500030517578,2513.99975585938
background,169.5,-10.999992177,79,494,74,256,4479
background,169.5,-13.999992177,68.9999237060547,880.006286621094,89.0001831054688,240.998031616211,2744.029296875
background,169.5,-16.999992177,62.6000633239746,1284.29638671875,103.499923706055,220.800491333008,2454.88916015625
background,169.5,-46.999992177,47.5625267028809,3512.626953125,190.937713623047,46.1247138977051,976.94091796875
background,172.5,-34.999992177,47.2500457763672,2878.99536132812,161.874801635742,116.000526428223,1605.35913085938
background,172.5,-40.999992177,45.2631607055664,3407.20825195312,185.526229858398,56.2895088195801,1901.08447265625
background,172.5,-43.999992177,45.9411392211914,3673.943359375,196.000106811523,51.5877151489258,1321.99060058594
background,172.5,1.000007823,91.9999618530273,126.332260131836,58.0000381469727,279,1831.99719238281
background,172.5,52.000007823,26.3333301544189,3823.3349609375,150.666854858398,-7.00069999694824,1157.00366210938
background,175.5,-34.999992177,47.3332901000977,3050.0830078125,169.916595458984,114.583198547363,1581.41064453125
background,175.5,-37.999992177,46.7142753601074,3376.42626953125,190.035583496094,84.2856750488281,1743.50939941406
background,178.5,-16.999992177,63.9333457946777,1210,97.2666931152344,230.733261108398,2474.396484375
background,178.5,-19.999992177,59.999942779541,1444.00061035156,105.000053405762,223.500137329102,2039.99401855469
background,178.5,52.000007823,26.5999393463135,3639.201171875,144.000015258789,2.19961333274841,1158.80017089844
background,19.5,-1.999992177,85.8333053588867,456.167297363281,107.888870239258,246.388916015625,1883.66613769531
background,19.5,-13.999992177,63.8333358764648,2331.83203125,256.499969482422,170.555557250977,1023.22308349609
background,19.5,-28.999992177,53.9444541931152,5126.96923828125,312.749816894531,120.277778625488,159.138748168945
background,19.5,-34.999992177,53.3333511352539,3393.755859375,210.250396728516,118.083267211914,546.251159667969
background,19.5,-4.999992177,81.2499923706055,400.806030273438,128.277740478516,237.999984741211,1621.94470214844
background,19.5,1.000007823,83.8055419921875,576.000183105469,120.388916015625,245.805557250977,1877.19323730469
background,19.5,13.000007823,60.4999847412109,2566.72509765625,252.472290039062,261.638854980469,482.72119140625
background,19.5,22.000007823,47.3611106872559,5995.501953125,322.750061035156,136.47216796875,7.36112880706787
background,19.5,25.000007823,46.6111068725586,6295.111328125,337.055572509766,134.416641235352,1.11111390590668
background,19.5,37.000007823,33.5000076293945,5832.99951171875,251.999984741211,91.9999542236328,985.001037597656
background,19.5,52.000007823,26.5833377838135,7934.109375,306.194366455078,-30.4999504089355,563.527770996094
background,19.5,61.000007823,23.8000144958496,7351.40087890625,277.800018310547,-36.4000244140625,537.000122070312
background,19.5,7.000007823,66.1944198608398,1190.77990722656,223.222396850586,235.083389282227,1313.58264160156
background,22.5,-28.999992177,50.944450378418,5479.38818359375,322.916656494141,108.500061035156,273.944030761719
background,22.5,-31.999992177,52.3888816833496,4907.11669921875,300.250274658203,91.6110382080078,250.388107299805
background,22.5,28.000007823,47.6388969421387,6322.6923828125,334.583251953125,136.694442749023,3.19450068473816
background,22.5,37.000007823,34.7391395568848,5845.32568359375,252.630493164062,92.6521453857422,671.806030273438
background,22.5,46.000007823,30.9166698455811,7515.41796875,305.833343505859,-9.24990940093994,677.721862792969
background,22.5,49.000007823,28.2222213745117,7787.1953125,309.444519042969,-26.9444370269775,694.999694824219
background,22.5,79.000007823,20.43332862854,6199.833984375,221.966674804688,-133.566696166992,320.399810791016
background,25.5,-1.999992177,87.3333282470703,422.084075927734,116.777786254883,240.527786254883,1825.55529785156
background,25.5,-10.999992177,60.7222595214844,1860.69030761719,227.805404663086,177.389053344727,1247.25061035156
background,25.5,-13.999992177,56.6388969421387,2649.470703125,263.083374023438,166.472290039062,1039.80615234375
background,25.5,-16.999992177,54.3611221313477,3348.02734375,280.805603027344,164.305572509766,749.000305175781
background,25.5,-31.999992177,54.166633605957,4406.78564453125,279.750335693359,93.0553665161133,448.887817382812
background,25.5,-4.999992177,79.5000228881836,393.1943359375,140.805450439453,244.249969482422,1413.91882324219
background,25.5,19.000007823,53.305549621582,4941.5,309.833312988281,178.861053466797,24.1666145324707
background,25.5,34.000007823,30.8333644866943,5117.0009765625,200.750045776367,107.499931335449,734.583374023438
background,25.5,43.000007823,31.0277729034424,7754.1962890625,319.694488525391,2.97213077545166,612.250061035156
background,25.5,52.000007823,25.8611145019531,8430.275390625,318.611053466797,-41.3055305480957,601.777587890625
background,25.5,55.000007823,25.2777881622314,8295.8037109375,311.527709960938,-48.9999504089355,644.1943359375
background,28.5,-1.999992177,86.0556030273438,305.611053466797,125.833297729492,203.194641113281,1586.47521972656
background,28.5,-13.999992177,54.6389007568359,2786.74755859375,247.250061035156,163.749984741211,1014.72332763672
background,28.5,-19.999992177,56.4166564941406,3414.44482421875,260.000091552734,148.944458007812,570.138977050781
background,28.5,-22.999992177,56.3333168029785,3972.25317382812,263.472442626953,144.527816772461,472.720703125
background,28.5,-25.999992177,56.1666641235352,4165.97412109375,270.861206054688,108.861267089844,667.860534667969
background,28.5,-4.999992177,72.6389465332031,589.803283691406,143.638854980469,220.027847290039,1251.39086914062
background,28.5,19.000007823,52.972225189209,5346.33349609375,322.527770996094,185.833221435547,23.4444065093994
background,28.5,22.000007823,49.0555572509766,6196.38916015625,336.222259521484,160.499923706055,2.16666483879089
background,28.5,4.000007823,76.5277557373047,855.027282714844,156.777801513672,233.805587768555,1630.38891601562
background,28.5,46.000007823,26.6111335754395,8377.4599609375,319.597381591797,-7.86119556427002,487.333801269531
background,28.5,49.000007823,25.8888874053955,8708.443359375,328.027770996094,-37.2500114440918,624.194641113281
background,28.5,58.000007823,22.527774810791,8906.2490234375,327.388793945312,-68.3610916137695,639.944396972656
background,28.5,7.000007823,69.9166717529297,1232.33337402344,189.36116027832,254.138916015625,1111.80590820312
background,28.5,79.000007823,21.9999866485596,5775.6005859375,210.200012207031,-115.199974060059,350.399932861328
background,31.5,-13.999992177,55.8055267333984,2657.08520507812,232.583389282227,185.583236694336,961.13916015625
background,31.5,-19.999992177,57.8055610656738,3092.8876953125,232.000106811523,154.861053466797,704.554443359375
background,31.5,-22.999992177,59.1388778686523,3204.11279296875,229.833358764648,181.11100769043,553.888549804688
background,31.5,-25.999992177,58.9999847412109,2975.14282226562,213.58349609375,154.110763549805,810.999389648438
background,31.5,-28.999992177,56.9423294067383,2840.87231445312,199.154312133789,150.749603271484,902.017517089844
background,31.5,-31.999992177,54.4999771118164,2259.17163085938,148.666961669922,158.833282470703,1122.1640625
background,31.5,16.000007823,56.4722099304199,3782.33569335938,273.02783203125,226.36100769043,111.94416809082
background,31.5,22.000007823,48.805549621582,6009.94677734375,315.444580078125,172.444381713867,1.47221434116364
background,31.5,31.000007823,46.3043479919434,5179.7822265625,264.130340576172,138.260833740234,49.8264541625977
background,31.5,4.000007823,74.9166564941406,1186.8330078125,172.138916015625,238.138977050781,1194.91711425781
background,31.5,49.000007823,24.1666641235352,9223.1923828125,338.833251953125,-38.2222518920898,554.750305175781
background,31.5,58.000007823,23.5833263397217,9236.2763671875,346.222137451172,-78.0277328491211,628.666564941406
background,31.5,7.000007823,70.6944351196289,1185.05493164062,179.77783203125,259.25,883.361145019531
background,34.5,-16.999992177,59.8888626098633,2528.75,210.416625976562,206.222015380859,991.055297851562
background,34.5,-19.999992177,59.6333351135254,2646.81811523438,195.583480834961,199.23307800293,1013.80096435547
background,34.5,-25.999992177,62.4285926818848,2460.0029296875,187.571762084961,196.428634643555,872.855163574219
background,34.5,1.000007823,83.8888549804688,696.14013671875,161.194259643555,206.111022949219,1156.16857910156
background,34.5,16.000007823,59.9166259765625,3229.31103515625,271.27783203125,240.805450439453,191.499298095703
background,34.5,19.000007823,54.3611030578613,4407.5888671875,274.111297607422,216.194396972656,39.3331260681152
background,34.5,28.000007823,43.5666732788086,5453.5,267.750030517578,132.383239746094,16.7333297729492
background,34.5,37.000007823,36.3448257446289,7071.51953125,313.931091308594,37.7237892150879,574.653625488281
background,34.5,40.000007823,35.7499885559082,7274.4443359375,322.972198486328,1.33345186710358,462.750244140625
background,34.5,43.000007823,31.0000114440918,6561.873046875,268.249938964844,20.3748970031738,662.75244140625
background,34.5,49.000007823,24.0555686950684,9618.916015625,352.027770996094,-40.8055763244629,530.472473144531
background,34.5,55.000007823,22.8611164093018,9617.8876953125,351.583282470703,-78.2222213745117,627.944519042969
background,34.5,7.000007823,77.1388473510742,1008.19653320312,171.722274780273,235.750152587891,1157.41516113281
background,34.5,79.000007823,21,6077.9990234375,217.999938964844,-133.999862670898,325
background,37.5,-10.999992177,63.3888549804688,1658.58447265625,158.611053466797,220.916534423828,1077.61218261719
background,37.5,-46.999992177,55,1540,94,40,2383
background,37.5,28.000007823,42.8611221313477,6693.32958984375,320.860992431641,113.861190795898,56.0275650024414
background,37.5,34.000007823,40.527774810791,7243.65966796875,333.638549804688,70.9444808959961,236.835525512695
background,37.5,37.000007823,35.1666641235352,8241.826171875,354.999725341797,44.2776794433594,503.168243408203
background,37.5,40.000007823,34.1250190734863,7560.33984375,335.718658447266,-10.5936479568481,530.530639648438
background,37.5,46.000007823,23.8076820373535,8925.884765625,326.038452148438,-6.23080348968506,572.922302246094
background,37.5,49.000007823,22.7499942779541,9996.693359375,357.611083984375,-50.4999656677246,528.027770996094
background,37.5,55.000007823,21.8055534362793,10021.525390625,362.611053466797,-82.8888626098633,635.055786132812
background,37.5,58.000007823,21.8611125946045,9982.775390625,372.055511474609,-94.1110763549805,604.8056640625
background,4.5,25.000007823,42.8055458068848,7142.05810546875,352.888946533203,141.694564819336,23.3054981231689
background,4.5,46.000007823,34.7500076293945,6078.69189453125,262.527679443359,18.9722442626953,836.83251953125
background,4.5,52.000007823,31.879976272583,5386.318359375,215.079879760742,27.9200572967529,783.639587402344
background,4.5,61.000007823,26.9999961853027,4392.99560546875,168.933166503906,10.0667905807495,2243.86499023438
background,40.5,-13.999992177,71.7499771118164,1475.2294921875,157.854354858398,229.145812988281,978.813293457031
background,40.5,-22.999992177,56,2181,147,216,533
background,40.5,-4.999992177,66.3000030517578,1372.55151367188,129.900192260742,243.099884033203,1253.50073242188
background,40.5,10.000007823,67.1111373901367,1817.63671875,203.77783203125,193.805435180664,721.918151855469
background,40.5,13.000007823,63.914379119873,2155.33642578125,204.714401245117,221.942672729492,406.659576416016
background,40.5,16.000007823,60.0000190734863,2705.70556640625,187.558990478516,244.352752685547,300.470581054688
background,40.5,19.000007823,54.799991607666,3775.59790039062,225.86653137207,236.867279052734,186.932495117188
background,40.5,22.000007823,51.657169342041,4980.96533203125,273.542663574219,190.457443237305,98.1709976196289
background,40.5,25.000007823,47.3333396911621,6664.55224609375,331.360992431641,151.972152709961,92.8610382080078
background,40.5,40.000007823,31.0312576293945,8485.869140625,361.499694824219,-36.2807655334473,677.81298828125
background,43.5,-10.999992177,68.8749542236328,1223.87585449219,108.624992370605,221.250152587891,1942.37609863281
background,43.5,-19.999992177,63.25,2275.91552734375,201.166122436523,221.5,933.080993652344
background,43.5,10.000007823,60.8709602355957,2456.58129882812,200.838638305664,208.129058837891,372.936187744141
background,43.5,13.000007823,53.8846969604492,2996.49780273438,192.134628295898,231.711563110352,188.750534057617
background,43.5,37.000007823,31.3333301544189,9225.1103515625,380.083282470703,22.8057155609131,599.055786132812
background,43.5,4.000007823,74.4166488647461,1063.8330078125,180.833526611328,266.305603027344,384.582733154297
background,43.5,40.000007823,31.1666679382324,8737.6640625,374.138824462891,-54.6112442016602,516.112548828125
background,43.5,46.000007823,24.9166698455811,10257.1083984375,379.777679443359,-34.8888778686523,392.028472900391
background,43.5,52.000007823,21.8055572509766,11325.498046875,404.027709960938,-92.2777252197266,502.833465576172
background,43.5,55.000007823,20.3055610656738,10966.0263671875,386.916625976562,-98.2777481079102,569.639099121094
background,43.5,7.000007823,73.9722213745117,863.583374023438,190.277847290039,251.916610717773,351.944946289062
background,46.5,-13.999992177,68.1428680419922,1298.71252441406,153.856857299805,243.285781860352,1540.42956542969
background,46.5,-19.999992177,64.6944580078125,2284.83129882812,198.527969360352,173.944747924805,1437.58081054688
background,46.5,10.000007823,64.6896057128906,2252.00561523438,191.931076049805,208.862075805664,162.517593383789
background,46.5,16.000007823,55.3889236450195,3625.3076171875,232.472381591797,177.277740478516,78.6947021484375
background,46.5,22.000007823,43.3055610656738,6880.890625,326.194549560547,168.638809204102,64.5278854370117
background,46.5,40.000007823,30.3333339691162,8134.50244140625,339.972290039062,-3.66663074493408,463.555603027344
background,46.5,46.000007823,24.4722175598145,10789.16796875,397.333343505859,-37.3055953979492,256.833679199219
background,46.5,52.000007823,21.3611125946045,11926.1357421875,422.472137451172,-99.1111297607422,490.139068603516
background,46.5,7.000007823,72.944465637207,1076.22204589844,177.583404541016,246.999954223633,196.94499206543
background,46.5,82.000007823,22,7503.49853515625,277.249969482422,-185.749969482422,247.750030517578
background,49.5,-10.999992177,67.0000381469727,1187.00085449219,116.999900817871,247.999969482422,1175.00231933594
background,49.5,-13.999992177,68.6481781005859,1664.47937011719,147.740875244141,211.53694152832,1736.2939453125
background,49.5,-22.999992177,55.7500343322754,2270.75073242188,134.750106811523,200.250015258789,2584.99829101562
background,49.5,13.000007823,55.9999694824219,2329.38037109375,163.375289916992,230.124801635742,38.7500076293945
background,49.5,19.000007823,46.6944427490234,5017.19873046875,265.277893066406,193.944427490234,57.6665420532227
background,49.5,25.000007823,38.571418762207,6807.603515625,302.600158691406,169.342742919922,75.4858474731445
background,49.5,31.000007823,37.4411811828613,8524,380.441192626953,109.764823913574,281.382110595703
background,49.5,43.000007823,23.5000076293945,9273.2470703125,367.149688720703,9.09991931915283,233.000610351562
background,49.5,46.000007823,24.9166698455811,10973.1103515625,405.361083984375,-38.5555610656738,182.333587646484
background,49.5,49.000007823,23.1666660308838,12549.1650390625,457.694366455078,-88.3610763549805,234.250274658203
background,49.5,7.000007823,68.6904983520508,1410.42822265625,162.571655273438,244.095123291016,153.904663085938
background,49.5,70.000007823,22.5555553436279,8720.1083984375,349.333251953125,-133.777725219727,387.333374023438
background,52.5,-4.999992177,65.4999618530273,704.000061035156,65.5000381469727,253,1729.49975585938
background,52.5,31.000007823,38.9722175598145,8538.6669921875,405,33.8610763549805,199.611480712891
background,52.5,43.000007823,25.2222194671631,10243.4951171875,385.305419921875,-4.19439649581909,133.139099121094
background,52.5,55.000007823,20.7499961853027,12003.1650390625,431.444366455078,-124.249946594238,552.888854980469
background,52.5,73.000007823,24.3571548461914,7936.28076171875,312.285552978516,-155.785491943359,361.285308837891
background,52.5,79.000007823,21.8333320617676,8416.1650390625,305.249969482422,-212.833404541016,248.666915893555
background,52.5,82.000007823,21.000036239624,8278.9990234375,301.499969482422,-212.500213623047,244.500686645508
background,55.5,-19.999992177,51.5000343322754,2137.5,119.999946594238,164.000503540039,1506.00012207031
background,55.5,22.000007823,45.8888931274414,4640.69873046875,251.000183105469,208.972213745117,52.7499389648438
background,55.5,31.000007823,40.3610992431641,8406.224609375,396.388946533203,55.2222480773926,119.638771057129
background,55.5,37.000007823,34.9722099304199,8568.2470703125,360.583099365234,42.0556373596191,221.250183105469
background,55.5,52.000007823,22.8333263397217,12959.6650390625,469.027679443359,-130.916549682617,397
background,55.5,70.000007823,21.4000053405762,9587.3955078125,369.866516113281,-168.466567993164,379.466674804688
background,58.5,22.000007823,43.9333190917969,4107.08740234375,213.400192260742,202.533294677734,85.2165298461914
background,58.5,37.000007823,35.083324432373,9041.0029296875,401.416656494141,8.11112594604492,235.999938964844
background,58.5,52.000007823,23.7777805328369,13414.9130859375,489.277679443359,-155.249908447266,363.778137207031
background,58.5,55.000007823,22.8055591583252,12493.0830078125,458.722198486328,-157.027709960938,547.527709960938
background,58.5,73.000007823,21.5555725097656,9639.44140625,361.666564941406,-202.777954101562,326.334075927734
background,58.5,76.000007823,21.25,9863.30859375,364.687377929688,-230.937301635742,357.062347412109
background,58.5,79.000007823,20.0000114440918,10028.8310546875,349.833251953125,-252.166641235352,271.166778564453
background,61.5,25.000007823,42.5555381774902,5033.39208984375,253.833343505859,186.999847412109,118.166702270508
background,61.5,31.000007823,40.4166603088379,8601.634765625,399.083221435547,91.944221496582,71.6391754150391
background,61.5,40.000007823,31.1388721466064,10324.0859375,426.361145019531,11.999942779541,123.027717590332
background,61.5,49.000007823,21.8889045715332,14412.359375,514.027770996094,-138.027816772461,204.000198364258
background,61.5,76.000007823,20,10094.625,362.562561035156,-238.875091552734,295.875366210938
background,64.5,-19.999992177,53,1776,106,221,1065
background,64.5,25.000007823,47.5000038146973,5222.11572265625,285.444549560547,175.277633666992,123.611038208008
background,64.5,28.000007823,44.1944160461426,7737.56005859375,376.222320556641,116.222244262695,103.499694824219
background,64.5,31.000007823,41.8611030578613,8768.029296875,413.583343505859,83.1666641235352,118.99959564209
background,64.5,43.000007823,26.055549621582,11838.6142578125,455.861175537109,-32.4722900390625,135.860870361328
background,64.5,82.000007823,20,9441.1259765625,334.375030517578,-253.250061035156,188.750137329102
background,67.5,-49.999992177,50.666690826416,2158.33276367188,118.999984741211,17.3336887359619,791.332946777344
background,67.5,25.000007823,44.9333343505859,5251.43115234375,294.233123779297,185.233276367188,195.63298034668
background,67.5,37.000007823,34.1666679382324,8760.416015625,388.027740478516,21.4999618530273,296.249664306641
background,67.5,46.000007823,25.0833225250244,12807.779296875,478.416656494141,-90.4167022705078,154.138900756836
background,67.5,76.000007823,20.1538391113281,9221.5400390625,333.384643554688,-226.538482666016,216.538543701172
background,7.5,-1.999992177,58.999942779541,1235.99938964844,97.9999389648438,237,1952.99755859375
background,7.5,13.000007823,56.1666793823242,2918.8046875,253.277740478516,230.388931274414,585.416381835938
background,7.5,19.000007823,49.6111030578613,5295.583984375,306.944458007812,191.389068603516,51.2776565551758
background,7.5,25.000007823,42.6111183166504,6970.2509765625,345.139007568359,129.944351196289,27.0278491973877
background,7.5,28.000007823,41.4722175598145,7990.890625,393.02783203125,129.999984741211,21.8333415985107
background,7.5,49.000007823,32.5833358764648,6188.1650390625,253.222137451172,8.61114025115967,815.888793945312
background,7.5,52.000007823,32.3055610656738,5745.9697265625,230.472122192383,15.5833625793457,817.167114257812
background,70.5,34.000007823,33.9722023010254,8037.2265625,353.722412109375,39.3047409057617,579.556030273438
background,73.5,-4.999992177,74,520,67,267,2476
background,73.5,1.000007823,71.3333358764648,474.6669921875,64,270.333343505859,2184.66674804688
background,73.5,31.000007823,39.3611068725586,7558.2529296875,366.250061035156,139.111068725586,353.026672363281
background,73.5,4.000007823,69,596.249816894531,70.5,269.750030517578,1884.00012207031
background,73.5,40.000007823,26.3611259460449,10092.7177734375,408.222106933594,-133.221786499023,412.445922851562
background,73.5,46.000007823,23.7222385406494,12433.6943359375,459.472290039062,-94.6666870117188,165.972198486328
background,76.5,10.000007823,62.95654296875,1330.12561035156,132.173706054688,245.6953125,1792.669921875
background,76.5,19.000007823,47.6944770812988,3489.58129882812,265.888916015625,220.749954223633,855.636779785156
background,76.5,22.000007823,44.722240447998,4259.41552734375,294.750030517578,208.027740478516,947.860534667969
background,76.5,28.000007823,40.8333549499512,6522.27880859375,338.833404541016,158.833297729492,587.414306640625
background,76.5,43.000007823,26.0555477142334,10790.416015625,419.916656494141,-107.58324432373,340.055755615234
background,76.5,46.000007823,22.7222118377686,12477.1142578125,454.333374023438,-98.5278244018555,232.749420166016
background,79.5,13.000007823,52.4655380249023,2682.01538085938,189.448394775391,237.20686340332,917.773315429688
background,79.5,16.000007823,47.3529586791992,3086.67749023438,220.162002563477,238.941177368164,790.734191894531
background,79.5,25.000007823,39.2777824401855,5841.361328125,332.277770996094,176.222198486328,1001.72137451172
background,79.5,34.000007823,33.861083984375,9092.75,399.944366455078,-173.610931396484,90.1112442016602
background,79.5,43.000007823,27.8333187103271,10667.166015625,425.138793945312,-124.888885498047,348.750335693359
background,79.5,46.000007823,25.5277671813965,12186.5859375,461.944488525391,-123.999656677246,350.8046875
background,82.5,10.000007823,64,1613.00073242188,100.000328063965,254.999923706055,1629.99963378906
background,82.5,28.000007823,42.4166450500488,5232.52978515625,274.333404541016,107.027755737305,1256.66381835938
background,82.5,31.000007823,41.4444389343262,6390.0595703125,297.027862548828,-101.69457244873,435.889526367188
background,85.5,19.000007823,44.2940902709961,2985.181640625,188.412231445312,220.588043212891,1294.52917480469
background,85.5,22.000007823,40.7222175598145,4295.31103515625,269.805908203125,197.916687011719,1397.361328125
background,85.5,25.000007823,39.4444236755371,5088.19775390625,285.861267089844,182.583282470703,1068.94409179688
background,85.5,31.000007823,42.2499961853027,6820.72021484375,323.444305419922,-110.77783203125,217.861480712891
background,85.5,40.000007823,31.166654586792,11923.611328125,482.027770996094,-51.8333473205566,28.4444522857666
background,85.5,76.000007823,17,12498.5966796875,416.799865722656,-272.399963378906,242.400039672852
background,88.5,34.000007823,37.6944427490234,8201.6123046875,367.027801513672,-160.694595336914,184.082977294922
background,91.5,28.000007823,44.9166603088379,5539.53125,287.5556640625,4.24967241287231,1015.33520507812
background,91.5,31.000007823,40.8610992431641,7354.39111328125,353.055511474609,-113.361213684082,330.027221679688
background,91.5,34.000007823,38.8333320617676,8149.333984375,370.638885498047,-160.52783203125,269.804931640625
background,91.5,40.000007823,33.1666564941406,11306.615234375,473.694519042969,-73.8610229492188,26.5556106567383
background,91.5,82.000007823,17.75,11814.75,386.999938964844,-309.000030517578,129.999984741211
background,94.5,13.000007823,58,740.66552734375,89.3334197998047,259.833282470703,2630.17504882812
background,94.5,16.000007823,52.1538429260254,1504.92333984375,163.922927856445,245.692306518555,2654.08422851562
background,94.5,19.000007823,47.1379280090332,2511.7587890625,218.62043762207,221.862106323242,2319.01733398438
background,94.5,22.000007823,45.2222213745117,3178.99755859375,221.333099365234,191.138885498047,1452.53967285156
background,94.5,37.000007823,35.944450378418,9385.5,416.805541992188,-114.722328186035,91.2497253417969
background,94.5,4.000007823,75.7499084472656,538.251342773438,90.4999160766602,252.749847412109,2813.98706054688
background,94.5,7.000007823,64.2000503540039,552.699523925781,77.4999465942383,263.200103759766,2295.201171875
background,94.5,82.000007823,17.8750114440918,12082.125,396.5,-321.624847412109,162.99967956543
background,97.5,1.000007823,89.2666625976562,320.800109863281,107.333305358887,256.366882324219,3486.43334960938
background,97.5,25.000007823,47.333309173584,4051.970703125,233.611145019531,136.361633300781,1894.837890625
background,97.5,31.000007823,43.6388854980469,6318.5576171875,320.055603027344,-71.4723663330078,536.250122070312
background,97.5,37.000007823,34.4999923706055,8962.6416015625,394.527893066406,-133.999923706055,246.38818359375
background,97.5,4.000007823,85.9999618530273,400.457733154297,107.374931335449,231.167129516602,2326.46411132812
