x,y,GuloGulo_allData_allRun logistic values
-1.5,10.000007823,2.9963938E-5
-1.5,13.000007823,3.6161724E-5
-1.5,16.000007823,5.851829E-7
-1.5,19.000007823,6.177061E-9
-1.5,22.000007823,1.04796145E-8
-1.5,25.000007823,1.6530219E-8
-1.5,28.000007823,2.4333085E-8
-1.5,31.000007823,1.8806155E-8
-1.5,34.000007823,1.2805106E-6
-1.5,37.000007823,7.3929295E-5
-1.5,4.000007823,2.5829275E-5
-1.5,40.000007823,8.777374E-5
-1.5,43.000007823,6.561836E-5
-1.5,46.000007823,5.4657306E-5
-1.5,49.000007823,4.724148E-5
-1.5,52.000007823,4.933282E-5
-1.5,55.000007823,4.5325294E-5
-1.5,58.000007823,3.9455066E-5
-1.5,61.000007823,3.3022105E-5
-1.5,7.000007823,2.6957485E-5
-10.5,10.000007823,3.1626194E-5
-10.5,13.000007823,3.54162E-5
-10.5,16.000007823,5.8424E-7
-10.5,19.000007823,4.9704965E-9
-10.5,22.000007823,7.283293E-9
-10.5,25.000007823,7.0508226E-9
-10.5,28.000007823,4.0424646E-9
-10.5,31.000007823,5.2174113E-7
-10.5,4.000007823,2.5226153E-5
-10.5,40.000007823,3.6547855E-5
-10.5,43.000007823,3.4103417E-5
-10.5,52.000007823,3.5180816E-5
-10.5,55.000007823,3.5392535E-5
-10.5,7.000007823,2.6271462E-5
-10.5,82.000007823,0.01358116
-100.5,16.000007823,2.6465344E-5
-100.5,19.000007823,3.1732005E-5
-100.5,22.000007823,4.0394112E-5
-100.5,25.000007823,5.7110454E-5
-100.5,28.000007823,1.05266576E-4
-100.5,31.000007823,1.5937285E-4
-100.5,34.000007823,2.5930567E-4
-100.5,37.000007823,0.0020290017
-100.5,40.000007823,0.0043646893
-100.5,43.000007823,0.0060020457
-100.5,46.000007823,0.016837772
-100.5,49.000007823,0.014623862
-100.5,52.000007823,0.13050805
-100.5,73.000007823,1.7834052E-5
-100.5,76.000007823,2.9152413E-4
-100.5,79.000007823,0.0046532
-103.5,19.000007823,3.1674273E-5
-103.5,22.000007823,4.1018644E-5
-103.5,25.000007823,4.6986763E-5
-103.5,28.000007823,1.1037316E-6
-103.5,31.000007823,1.911776E-6
-103.5,34.000007823,2.2375182E-4
-103.5,37.000007823,0.0014953284
-103.5,40.000007823,0.003137458
-103.5,43.000007823,0.003913095
-103.5,46.000007823,0.010296941
-103.5,49.000007823,0.024481889
-103.5,52.000007823,0.12561202
-103.5,76.000007823,2.845499E-4
-103.5,79.000007823,0.033858884
-106.5,19.000007823,3.1190863E-5
-106.5,22.000007823,3.531952E-5
-106.5,25.000007823,4.8248232E-5
-106.5,28.000007823,8.6535234E-5
-106.5,31.000007823,2.039389E-6
-106.5,34.000007823,1.132521E-5
-106.5,37.000007823,0.002040469
-106.5,40.000007823,0.0030600878
-106.5,43.000007823,3.714729E-5
-106.5,46.000007823,0.004228651
-106.5,49.000007823,1.695724E-4
-106.5,52.000007823,0.03729939
-106.5,79.000007823,0.0043910663
-109.5,-25.999992177,2.898185E-5
-109.5,10.000007823,3.0042375E-7
-109.5,19.000007823,3.936085E-7
-109.5,22.000007823,5.588373E-7
-109.5,25.000007823,7.065137E-7
-109.5,28.000007823,7.609272E-5
-109.5,31.000007823,1.2951648E-4
-109.5,34.000007823,9.226308E-4
-109.5,37.000007823,3.1930038E-5
-109.5,40.000007823,4.024058E-5
-109.5,43.000007823,0.0035511747
-109.5,46.000007823,0.0023758942
-109.5,49.000007823,0.0073023476
-109.5,52.000007823,0.02210827
-109.5,79.000007823,0.0010166424
-112.5,25.000007823,3.4490653E-9
-112.5,28.000007823,4.5403836E-9
-112.5,31.000007823,1.43555E-6
-112.5,34.000007823,2.1913397E-6
-112.5,37.000007823,1.4721639E-5
-112.5,40.000007823,3.5734687E-5
-112.5,46.000007823,0.0019527436
-112.5,49.000007823,0.002646481
-112.5,52.000007823,0.012317011
-112.5,79.000007823,0.0010043258
-115.5,28.000007823,3.721487E-9
-115.5,31.000007823,1.6885143E-9
-115.5,34.000007823,2.074361E-6
-115.5,37.000007823,3.0432109E-6
-115.5,49.000007823,0.0015032965
-115.5,52.000007823,0.0046047694
-115.5,79.000007823,9.801135E-4
-118.5,28.000007823,2.0431137E-9
-118.5,34.000007823,5.5472916E-5
-118.5,37.000007823,1.4855753E-4
-118.5,40.000007823,1.4137339E-5
-121.5,34.000007823,4.104954E-5
-121.5,37.000007823,7.2044975E-5
-121.5,76.000007823,5.64171E-5
-124.5,40.000007823,5.7593683E-5
-124.5,43.000007823,5.4595843E-5
-124.5,46.000007823,5.051352E-5
-13.5,-37.999992177,2.9327975E-5
-13.5,10.000007823,2.9440867E-5
-13.5,13.000007823,3.5119585E-5
-13.5,16.000007823,3.4862445E-5
-13.5,19.000007823,4.062713E-9
-13.5,22.000007823,4.239029E-9
-13.5,25.000007823,3.3966372E-9
-13.5,28.000007823,2.454801E-9
-13.5,64.000007823,2.8351543E-4
-13.5,67.000007823,2.9409752E-4
-13.5,7.000007823,2.5767864E-5
-13.5,82.000007823,0.02033706
-130.5,52.000007823,3.9863255E-5
-133.5,52.000007823,1.9467362E-4
-145.5,58.000007823,0.0011299594
-148.5,-16.999992177,2.5742187E-5
-151.5,-16.999992177,2.5126066E-5
-151.5,-22.999992177,2.7463479E-5
-154.5,19.000007823,2.6531117E-5
-154.5,55.000007823,4.0770252E-4
-157.5,-19.999992177,2.6151314E-5
-157.5,1.000007823,2.4286825E-5
-157.5,22.000007823,2.719432E-5
-16.5,10.000007823,2.6365036E-5
-16.5,13.000007823,3.026042E-5
-16.5,16.000007823,4.2550636E-7
-16.5,19.000007823,2.8421059E-9
-16.5,22.000007823,2.4434068E-9
-16.5,25.000007823,2.2605127E-9
-16.5,28.000007823,4.0476795E-7
-16.5,34.000007823,3.0795007E-5
-16.5,64.000007823,3.025522E-4
-16.5,67.000007823,3.1344834E-4
-16.5,76.000007823,0.0038789748
-16.5,79.000007823,1.5738337E-4
-16.5,82.000007823,6.8080415E-5
-160.5,-19.999992177,2.6194717E-5
-160.5,22.000007823,2.7713711E-5
-160.5,4.000007823,2.4259707E-5
-166.5,52.000007823,0.0
-166.5,55.000007823,0.0
-169.5,-13.999992177,2.466684E-5
-169.5,-19.999992177,2.6239102E-5
-169.5,-4.999992177,2.416269E-5
-169.5,52.000007823,1.8044461E-4
-169.5,58.000007823,0.0021860953
-169.5,64.000007823,0.033418827
-172.5,-1.999992177,2.4165021E-5
-172.5,-13.999992177,2.4488434E-5
-172.5,-19.999992177,2.6174132E-5
-172.5,25.000007823,2.8886954E-5
-172.5,52.000007823,1.7259411E-4
-172.5,61.000007823,0.0054551875
-175.5,-13.999992177,2.451725E-5
-175.5,-19.999992177,2.7046357E-5
-175.5,-22.999992177,2.7893697E-5
-175.5,-43.999992177,3.0438227E-5
-175.5,52.000007823,1.727573E-4
-178.5,-13.999992177,2.4837404E-5
-178.5,-16.999992177,2.5907118E-5
-178.5,-19.999992177,2.687735E-5
-178.5,28.000007823,3.1043077E-5
-178.5,52.000007823,1.7174913E-4
-19.5,64.000007823,3.009302E-4
-19.5,67.000007823,3.364132E-4
-19.5,73.000007823,0.001381525
-19.5,76.000007823,0.013016113
-19.5,79.000007823,5.1481813E-5
-19.5,82.000007823,0.04047645
-22.5,16.000007823,1.9969515E-9
-22.5,64.000007823,3.0476283E-4
-22.5,67.000007823,3.2669562E-4
-22.5,70.000007823,0.010001962
-22.5,73.000007823,0.093095675
-22.5,76.000007823,0.014098947
-22.5,79.000007823,0.025539424
-22.5,82.000007823,2.3044067E-4
-25.5,16.000007823,3.3008237E-7
-25.5,37.000007823,3.2832064E-5
-25.5,64.000007823,1.782958E-4
-25.5,70.000007823,0.0034957144
-25.5,73.000007823,0.18189606
-25.5,76.000007823,0.54894024
-25.5,79.000007823,0.02404421
-25.5,82.000007823,7.0664326E-5
-28.5,-19.999992177,4.1871826E-4
-28.5,-55.999992177,3.5314562E-5
-28.5,37.000007823,3.3036853E-5
-28.5,40.000007823,3.2416934E-5
-28.5,67.000007823,8.7794196E-4
-28.5,70.000007823,0.04757961
-28.5,73.000007823,0.17961636
-28.5,76.000007823,0.109569736
-28.5,79.000007823,0.16580878
-28.5,82.000007823,0.032658536
-31.5,67.000007823,8.7444077E-4
-31.5,70.000007823,0.103407286
-31.5,73.000007823,0.046920206
-31.5,76.000007823,0.028386192
-31.5,79.000007823,0.014668192
-31.5,82.000007823,0.027728505
-34.5,-10.999992177,2.5970881E-5
-34.5,-4.999992177,2.6537584E-5
-34.5,-55.999992177,2.4363285E-4
-34.5,-7.999992177,2.6493673E-5
-34.5,67.000007823,0.0059328135
-34.5,70.000007823,0.031247452
-34.5,73.000007823,0.012567886
-34.5,76.000007823,0.002223075
-34.5,79.000007823,0.21312234
-34.5,82.000007823,0.0023888634
-37.5,-10.999992177,2.7972123E-5
-37.5,-13.999992177,2.6327012E-5
-37.5,-16.999992177,2.6570136E-5
-37.5,-4.999992177,2.5806583E-5
-37.5,-52.999992177,2.4218738E-4
-37.5,-55.999992177,2.424309E-4
-37.5,-7.999992177,2.7967548E-5
-37.5,67.000007823,0.01877184
-37.5,70.000007823,0.0378483
-37.5,73.000007823,0.014416682
-37.5,76.000007823,0.04151167
-37.5,79.000007823,0.06285714
-37.5,82.000007823,0.0024287857
-4.5,10.000007823,2.9719671E-5
-4.5,13.000007823,3.8161183E-5
-4.5,16.000007823,6.075443E-7
-4.5,19.000007823,7.777556E-9
-4.5,22.000007823,1.2311036E-8
-4.5,25.000007823,1.8594866E-8
-4.5,28.000007823,2.3527173E-8
-4.5,31.000007823,1.7129452E-8
-4.5,34.000007823,9.314169E-5
-4.5,37.000007823,8.1153754E-5
-4.5,4.000007823,2.6044281E-5
-4.5,40.000007823,1.0764323E-4
-4.5,43.000007823,6.648708E-5
-4.5,46.000007823,4.1384577E-5
-4.5,49.000007823,3.9684088E-5
-4.5,52.000007823,4.2650394E-5
-4.5,55.000007823,4.293601E-5
-4.5,58.000007823,2.0749719E-4
-4.5,7.000007823,2.6913858E-5
-40.5,-1.999992177,2.554361E-5
-40.5,-10.999992177,2.8339677E-5
-40.5,-13.999992177,2.7429562E-5
-40.5,-16.999992177,2.8616754E-5
-40.5,-19.999992177,2.9596908E-5
-40.5,-22.999992177,2.9959554E-5
-40.5,-4.999992177,2.6096031E-5
-40.5,-7.999992177,2.7627953E-5
-40.5,64.000007823,7.632138E-4
-40.5,67.000007823,0.12858978
-40.5,70.000007823,0.04495859
-40.5,73.000007823,0.016536318
-40.5,76.000007823,0.045785286
-40.5,79.000007823,0.066845834
-40.5,82.000007823,0.0024785167
-43.5,-1.999992177,2.5040961E-5
-43.5,-10.999992177,2.763181E-5
-43.5,-13.999992177,2.801643E-5
-43.5,-16.999992177,3.0336132E-5
-43.5,-19.999992177,3.1538613E-5
-43.5,-22.999992177,3.14834E-5
-43.5,-4.999992177,2.6471098E-5
-43.5,-7.999992177,2.6517513E-5
-43.5,61.000007823,6.205326E-4
-43.5,64.000007823,0.019551944
-43.5,67.000007823,0.3058879
-43.5,70.000007823,0.0529786
-43.5,73.000007823,0.018761346
-43.5,76.000007823,0.049989294
-43.5,79.000007823,0.07017513
-43.5,82.000007823,0.0024387168
-46.5,-1.999992177,2.488357E-5
-46.5,-10.999992177,2.6559175E-5
-46.5,-13.999992177,2.6844193E-5
-46.5,-16.999992177,2.8963903E-5
-46.5,-19.999992177,3.0472731E-5
-46.5,-22.999992177,3.245085E-5
-46.5,-25.999992177,3.3922755E-5
-46.5,-4.999992177,2.5350128E-5
-46.5,-7.999992177,2.5710167E-5
-46.5,61.000007823,7.194708E-4
-46.5,64.000007823,0.022716649
-46.5,67.000007823,0.18946747
-46.5,70.000007823,0.060697492
-46.5,73.000007823,0.020084498
-46.5,76.000007823,0.003016366
-46.5,79.000007823,0.07215188
-46.5,82.000007823,0.0024813388
-49.5,-1.999992177,2.472258E-5
-49.5,-10.999992177,2.5972511E-5
-49.5,-13.999992177,2.6331752E-5
-49.5,-16.999992177,2.8097142E-5
-49.5,-19.999992177,3.0931158E-5
-49.5,-22.999992177,3.4686804E-5
-49.5,-25.999992177,3.6594534E-5
-49.5,-28.999992177,3.5530444E-5
-49.5,-31.999992177,3.8281207E-5
-49.5,-4.999992177,2.4754572E-5
-49.5,-7.999992177,2.502401E-5
-49.5,1.000007823,2.508706E-5
-49.5,4.000007823,2.5232403E-5
-49.5,61.000007823,6.148398E-4
-49.5,64.000007823,0.0076130237
-49.5,67.000007823,0.047770504
-49.5,70.000007823,0.23859297
-49.5,73.000007823,0.01907892
-49.5,76.000007823,0.02644465
-49.5,79.000007823,0.07403617
-49.5,82.000007823,0.002556581
-52.5,-1.999992177,2.5083447E-5
-52.5,-10.999992177,2.6565982E-5
-52.5,-13.999992177,2.8359573E-5
-52.5,-16.999992177,2.8866898E-5
-52.5,-19.999992177,3.0202915E-5
-52.5,-22.999992177,3.4813784E-5
-52.5,-25.999992177,3.898893E-5
-52.5,-28.999992177,3.843159E-5
-52.5,-31.999992177,4.1045987E-5
-52.5,-34.999992177,4.039786E-5
-52.5,-4.999992177,2.497464E-5
-52.5,-7.999992177,2.5240466E-5
-52.5,1.000007823,2.5244366E-5
-52.5,4.000007823,2.5089004E-5
-52.5,46.000007823,6.0672726E-4
-52.5,49.000007823,8.340771E-4
-52.5,64.000007823,0.0055336254
-52.5,67.000007823,0.013341512
-52.5,7.000007823,2.518703E-5
-52.5,70.000007823,4.7440414E-4
-52.5,73.000007823,0.016400555
-52.5,76.000007823,0.025298469
-52.5,79.000007823,0.07668343
-52.5,82.000007823,0.0027098074
-55.5,-1.999992177,2.526589E-5
-55.5,-10.999992177,2.6859461E-5
-55.5,-13.999992177,2.7870465E-5
-55.5,-16.999992177,3.0132549E-5
-55.5,-19.999992177,3.119024E-5
-55.5,-22.999992177,3.5312954E-5
-55.5,-25.999992177,4.278356E-5
-55.5,-28.999992177,4.681497E-5
-55.5,-31.999992177,5.3002186E-5
-55.5,-34.999992177,4.9076636E-5
-55.5,-37.999992177,5.0215418E-5
-55.5,-4.999992177,2.5194264E-5
-55.5,-7.999992177,2.5745752E-5
-55.5,1.000007823,2.551641E-5
-55.5,4.000007823,2.538474E-5
-55.5,46.000007823,6.658362E-4
-55.5,49.000007823,0.0013037381
-55.5,55.000007823,0.011162114
-55.5,7.000007823,2.5216008E-5
-55.5,70.000007823,0.030841155
-55.5,73.000007823,3.4147382E-4
-55.5,76.000007823,0.025207853
-55.5,79.000007823,0.08252165
-55.5,82.000007823,0.0030899197
-58.5,-1.999992177,2.4968975E-5
-58.5,-10.999992177,2.6325337E-5
-58.5,-13.999992177,2.7928094E-5
-58.5,-16.999992177,3.1189593E-5
-58.5,-19.999992177,3.473963E-5
-58.5,-22.999992177,4.0492276E-5
-58.5,-25.999992177,4.619699E-5
-58.5,-28.999992177,5.1557676E-5
-58.5,-31.999992177,5.7957357E-5
-58.5,-34.999992177,5.803411E-5
-58.5,-37.999992177,5.8527443E-5
-58.5,-4.999992177,2.4965182E-5
-58.5,-49.999992177,3.1627747E-5
-58.5,-52.999992177,1.5005977E-4
-58.5,-7.999992177,2.542989E-5
-58.5,1.000007823,2.5258256E-5
-58.5,4.000007823,2.5311663E-5
-58.5,43.000007823,0.0022795454
-58.5,46.000007823,0.0
-58.5,49.000007823,0.007043588
-58.5,7.000007823,2.4932495E-5
-58.5,73.000007823,0.0010434344
-58.5,76.000007823,0.0015628688
-58.5,79.000007823,0.0044594603
-58.5,82.000007823,0.0035863125
-61.5,-1.999992177,2.4713565E-5
-61.5,-10.999992177,2.5735577E-5
-61.5,-13.999992177,2.7847915E-5
-61.5,-16.999992177,3.16209E-5
-61.5,-19.999992177,3.8407423E-5
-61.5,-22.999992177,4.792794E-5
-61.5,-25.999992177,5.4617412E-5
-61.5,-28.999992177,6.148082E-5
-61.5,-31.999992177,6.0954484E-5
-61.5,-34.999992177,6.928325E-5
-61.5,-37.999992177,7.095666E-5
-61.5,-4.999992177,2.4801373E-5
-61.5,-40.999992177,6.3457606E-5
-61.5,-49.999992177,3.2507378E-5
-61.5,-52.999992177,3.2298296E-5
-61.5,-7.999992177,2.5330153E-5
-61.5,1.000007823,2.4906421E-5
-61.5,10.000007823,2.5216352E-5
-61.5,13.000007823,2.5528363E-5
-61.5,16.000007823,2.600937E-5
-61.5,19.000007823,2.5895297E-5
-61.5,4.000007823,2.498771E-5
-61.5,46.000007823,0.0013800298
-61.5,49.000007823,0.01662467
-61.5,64.000007823,0.33334535
-61.5,7.000007823,2.510106E-5
-61.5,76.000007823,0.002079547
-61.5,79.000007823,0.002985111
-64.5,-1.999992177,2.4648256E-5
-64.5,-10.999992177,2.5843792E-5
-64.5,-13.999992177,2.8144086E-5
-64.5,-16.999992177,3.145203E-5
-64.5,-19.999992177,3.7568123E-5
-64.5,-22.999992177,5.2245272E-5
-64.5,-25.999992177,5.6348297E-5
-64.5,-28.999992177,7.0697184E-5
-64.5,-31.999992177,6.4023916E-5
-64.5,-34.999992177,8.725981E-5
-64.5,-37.999992177,9.157883E-5
-64.5,-4.999992177,2.4639861E-5
-64.5,-40.999992177,8.715738E-7
-64.5,-43.999992177,6.9356173E-7
-64.5,-46.999992177,5.287384E-7
-64.5,-55.999992177,1.6041781E-4
-64.5,-7.999992177,2.5198458E-5
-64.5,1.000007823,2.4753906E-5
-64.5,10.000007823,2.5379732E-5
-64.5,19.000007823,2.6235248E-5
-64.5,31.000007823,3.6454832E-5
-64.5,4.000007823,2.480832E-5
-64.5,43.000007823,7.5142924E-4
-64.5,46.000007823,0.0022345295
-64.5,49.000007823,0.022128731
-64.5,7.000007823,2.5225025E-5
-64.5,76.000007823,0.002253744
-64.5,79.000007823,0.0030032785
-67.5,-1.999992177,2.4757464E-5
-67.5,-10.999992177,2.649761E-5
-67.5,-13.999992177,2.7595615E-5
-67.5,-16.999992177,3.3311895E-5
-67.5,-19.999992177,1.0545621E-9
-67.5,-22.999992177,1.593953E-8
-67.5,-25.999992177,1.4095704E-8
-67.5,-28.999992177,8.699066E-7
-67.5,-31.999992177,1.1242367E-6
-67.5,-34.999992177,1.1605619E-6
-67.5,-37.999992177,1.1756192E-6
-67.5,-4.999992177,2.4725581E-5
-67.5,-40.999992177,9.865722E-7
-67.5,-43.999992177,7.561087E-7
-67.5,-46.999992177,6.4273127E-7
-67.5,-49.999992177,6.2933E-7
-67.5,-52.999992177,1.3516303E-4
-67.5,-55.999992177,1.5761146E-4
-67.5,-7.999992177,2.533642E-5
-67.5,1.000007823,2.4917217E-5
-67.5,10.000007823,2.5774758E-5
-67.5,13.000007823,2.5255182E-5
-67.5,19.000007823,2.7122143E-5
-67.5,4.000007823,2.5666774E-5
-67.5,43.000007823,0.0016511722
-67.5,46.000007823,0.005540458
-67.5,49.000007823,0.0519946
-67.5,7.000007823,2.6172875E-5
-67.5,76.000007823,0.0020597014
-67.5,79.000007823,0.0026447864
-7.5,10.000007823,3.062654E-5
-7.5,13.000007823,3.777097E-5
-7.5,16.000007823,5.95396E-7
-7.5,19.000007823,5.645751E-9
-7.5,22.000007823,9.869642E-9
-7.5,25.000007823,1.4069378E-8
-7.5,28.000007823,1.4089849E-8
-7.5,31.000007823,1.4977494E-6
-7.5,34.000007823,6.620769E-5
-7.5,37.000007823,6.0633505E-5
-7.5,4.000007823,2.5797086E-5
-7.5,40.000007823,6.473693E-5
-7.5,43.000007823,5.1944968E-5
-7.5,49.000007823,3.6294685E-5
-7.5,52.000007823,3.781615E-5
-7.5,55.000007823,3.7625272E-5
-7.5,58.000007823,3.5612924E-5
-7.5,61.000007823,3.0745E-5
-7.5,7.000007823,2.6840984E-5
-7.5,70.000007823,2.9671073E-4
-70.5,-1.999992177,2.4866247E-5
-70.5,-10.999992177,2.6255408E-5
-70.5,-13.999992177,3.023339E-5
-70.5,-16.999992177,2.5410121E-5
-70.5,-19.999992177,2.457157E-9
-70.5,-22.999992177,2.4728368E-9
-70.5,-25.999992177,2.3244264E-9
-70.5,-28.999992177,2.5621023E-9
-70.5,-31.999992177,5.522303E-7
-70.5,-34.999992177,5.9285394E-5
-70.5,-37.999992177,6.335857E-5
-70.5,-4.999992177,2.4830308E-5
-70.5,-40.999992177,2.826529E-4
-70.5,-43.999992177,2.56559E-4
-70.5,-46.999992177,3.2040975E-6
-70.5,-49.999992177,2.9928494E-6
-70.5,-52.999992177,1.6775622E-4
-70.5,-55.999992177,1.4852308E-4
-70.5,-7.999992177,2.5371732E-5
-70.5,1.000007823,2.5273073E-5
-70.5,10.000007823,2.5319894E-5
-70.5,13.000007823,2.5985017E-5
-70.5,19.000007823,2.758116E-5
-70.5,22.000007823,2.7630564E-5
-70.5,4.000007823,2.6093381E-5
-70.5,40.000007823,7.251898E-4
-70.5,43.000007823,0.0023932885
-70.5,46.000007823,0.006903221
-70.5,49.000007823,0.08558829
-70.5,7.000007823,2.5620559E-5
-70.5,76.000007823,1.5251581E-4
-73.5,-1.999992177,2.5064504E-5
-73.5,-10.999992177,2.572564E-5
-73.5,-13.999992177,2.9123485E-5
-73.5,-16.999992177,2.1260649E-9
-73.5,-34.999992177,4.2481217E-5
-73.5,-37.999992177,3.9661336E-5
-73.5,-4.999992177,2.4976132E-5
-73.5,-40.999992177,3.442772E-5
-73.5,-43.999992177,3.244742E-5
-73.5,-46.999992177,1.6224234E-4
-73.5,-49.999992177,1.6904158E-4
-73.5,-52.999992177,1.5193946E-4
-73.5,-7.999992177,2.545121E-5
-73.5,1.000007823,2.5692161E-5
-73.5,10.000007823,2.52806E-5
-73.5,13.000007823,2.6066515E-5
-73.5,19.000007823,2.7252308E-5
-73.5,22.000007823,2.8347224E-5
-73.5,25.000007823,2.9030312E-5
-73.5,4.000007823,2.5481357E-5
-73.5,40.000007823,9.99415E-4
-73.5,43.000007823,0.0029643527
-73.5,46.000007823,0.0
-73.5,49.000007823,0.11377624
-73.5,7.000007823,2.4884495E-5
-73.5,76.000007823,2.0333357E-5
-76.5,-1.999992177,2.5068684E-5
-76.5,-10.999992177,2.7586077E-5
-76.5,-13.999992177,3.8964805E-7
-76.5,-4.999992177,2.4935589E-5
-76.5,-46.999992177,2.8117707E-5
-76.5,-49.999992177,2.827829E-5
-76.5,-7.999992177,2.571318E-5
-76.5,1.000007823,2.481756E-5
-76.5,10.000007823,2.484961E-5
-76.5,19.000007823,2.73887E-5
-76.5,22.000007823,2.9367442E-5
-76.5,25.000007823,3.0794454E-5
-76.5,28.000007823,3.4577657E-5
-76.5,34.000007823,1.1542105E-4
-76.5,37.000007823,1.5728624E-4
-76.5,4.000007823,2.456562E-5
-76.5,40.000007823,0.0011655941
-76.5,43.000007823,0.0025621254
-76.5,46.000007823,0.0
-76.5,49.000007823,0.12312931
-76.5,67.000007823,0.004320361
-76.5,7.000007823,2.4717527E-5
-76.5,76.000007823,1.404345E-4
-79.5,-1.999992177,2.5607651E-5
-79.5,-10.999992177,2.1120494E-9
-79.5,-34.999992177,3.1509837E-5
-79.5,-4.999992177,2.666443E-5
-79.5,-7.999992177,2.8730077E-5
-79.5,1.000007823,2.4743209E-5
-79.5,10.000007823,2.4938432E-5
-79.5,19.000007823,2.6573018E-5
-79.5,22.000007823,3.0512241E-5
-79.5,25.000007823,3.551948E-5
-79.5,28.000007823,4.2516418E-5
-79.5,31.000007823,9.5276766E-5
-79.5,34.000007823,1.2755115E-4
-79.5,37.000007823,8.4998156E-4
-79.5,4.000007823,2.4472689E-5
-79.5,40.000007823,0.0018779392
-79.5,43.000007823,0.0022965558
-79.5,46.000007823,0.007831898
-79.5,49.000007823,0.06627181
-79.5,61.000007823,0.04074233
-79.5,64.000007823,0.037983466
-79.5,67.000007823,0.006161623
-79.5,7.000007823,2.5337671E-5
-82.5,-4.999992177,2.3761817E-9
-82.5,10.000007823,2.5405314E-5
-82.5,13.000007823,2.5632466E-5
-82.5,16.000007823,2.5936368E-5
-82.5,19.000007823,2.6831969E-5
-82.5,22.000007823,3.0663203E-5
-82.5,25.000007823,3.8349484E-5
-82.5,28.000007823,5.4546137E-5
-82.5,31.000007823,8.806967E-5
-82.5,34.000007823,1.339779E-4
-82.5,37.000007823,8.5480453E-4
-82.5,40.000007823,0.0021502632
-82.5,43.000007823,0.0024308742
-82.5,46.000007823,0.0056382306
-82.5,49.000007823,0.02578537
-82.5,52.000007823,0.13100779
-82.5,55.000007823,0.479971
-82.5,61.000007823,0.19111398
-82.5,64.000007823,0.1859906
-82.5,7.000007823,2.5626312E-5
-85.5,10.000007823,2.5780102E-5
-85.5,13.000007823,2.6380485E-5
-85.5,16.000007823,2.7541384E-5
-85.5,19.000007823,2.8137045E-5
-85.5,22.000007823,2.9572702E-5
-85.5,31.000007823,9.754427E-5
-85.5,34.000007823,1.4662203E-4
-85.5,37.000007823,0.0010077435
-85.5,40.000007823,0.0025836166
-85.5,43.000007823,0.002724136
-85.5,46.000007823,0.004400997
-85.5,49.000007823,0.017149223
-85.5,52.000007823,0.14627762
-85.5,64.000007823,0.24324188
-88.5,-1.999992177,2.7759846E-5
-88.5,1.000007823,2.7140672E-5
-88.5,13.000007823,2.6963757E-5
-88.5,16.000007823,2.813269E-5
-88.5,19.000007823,3.017053E-5
-88.5,22.000007823,3.0777992E-5
-88.5,28.000007823,6.7980305E-5
-88.5,31.000007823,1.00969635E-4
-88.5,34.000007823,1.5963025E-4
-88.5,37.000007823,0.0012268978
-88.5,40.000007823,0.003235165
-88.5,43.000007823,0.003974843
-88.5,46.000007823,0.0075254124
-88.5,49.000007823,0.0
-91.5,-1.999992177,2.7670902E-5
-91.5,1.000007823,2.7233056E-5
-91.5,13.000007823,2.5876005E-5
-91.5,16.000007823,2.818037E-5
-91.5,19.000007823,3.126781E-5
-91.5,22.000007823,3.0285139E-5
-91.5,28.000007823,7.052245E-5
-91.5,31.000007823,1.027767E-4
-91.5,34.000007823,1.7689413E-4
-91.5,37.000007823,0.0014030212
-91.5,40.000007823,0.0037220735
-91.5,43.000007823,0.009439927
-91.5,46.000007823,0.011545479
-91.5,49.000007823,0.14184988
-91.5,61.000007823,0.5718718
-91.5,73.000007823,1.3759288E-4
-91.5,76.000007823,1.6083735E-5
-91.5,79.000007823,0.053622924
-94.5,16.000007823,2.9230534E-5
-94.5,19.000007823,3.1434636E-5
-94.5,28.000007823,7.9572266E-5
-94.5,31.000007823,1.16552794E-4
-94.5,34.000007823,1.9075115E-4
-94.5,37.000007823,0.001471972
-94.5,40.000007823,0.004245172
-94.5,43.000007823,0.011348926
-94.5,46.000007823,0.022914117
-94.5,49.000007823,0.22155775
-94.5,52.000007823,0.27457997
-94.5,76.000007823,1.35247055E-5
-94.5,79.000007823,0.0323544
-94.5,82.000007823,0.46880826
-97.5,16.000007823,2.842427E-5
-97.5,19.000007823,3.2704374E-5
-97.5,22.000007823,3.9964496E-5
-97.5,25.000007823,6.1300954E-5
-97.5,28.000007823,8.649948E-5
-97.5,31.000007823,1.420282E-4
-97.5,34.000007823,2.3724664E-4
-97.5,37.000007823,0.001921491
-97.5,40.000007823,0.004836028
-97.5,43.000007823,0.0076666623
-97.5,46.000007823,0.02623157
-97.5,49.000007823,0.12776466
-97.5,52.000007823,0.29213428
-97.5,73.000007823,1.8213188E-5
-97.5,76.000007823,2.6646047E-4
-97.5,79.000007823,3.4950298E-4
1.5,10.000007823,3.0407113E-5
1.5,13.000007823,3.7910588E-5
1.5,16.000007823,5.71338E-7
1.5,19.000007823,5.4408513E-9
1.5,22.000007823,8.1906215E-9
1.5,25.000007823,1.2862535E-8
1.5,28.000007823,2.0381973E-8
1.5,31.000007823,1.9045155E-8
1.5,34.000007823,1.7543445E-6
1.5,37.000007823,8.396733E-5
1.5,40.000007823,6.17459E-5
1.5,43.000007823,6.916764E-5
1.5,46.000007823,6.649145E-5
1.5,49.000007823,5.962994E-5
1.5,52.000007823,4.981871E-5
1.5,7.000007823,2.7198404E-5
10.5,-1.999992177,2.7399632E-5
10.5,-16.999992177,2.137979E-9
10.5,-4.999992177,2.8476865E-5
10.5,1.000007823,2.5837151E-5
10.5,10.000007823,3.356216E-5
10.5,13.000007823,4.5318044E-5
10.5,16.000007823,4.0337187E-9
10.5,19.000007823,6.442993E-9
10.5,22.000007823,8.087373E-9
10.5,25.000007823,1.013888E-8
10.5,28.000007823,1.3790727E-8
10.5,31.000007823,9.757475E-9
10.5,34.000007823,1.1851964E-6
10.5,37.000007823,8.387676E-5
10.5,4.000007823,2.5895428E-5
10.5,40.000007823,5.7477882E-5
10.5,43.000007823,6.9155794E-5
10.5,46.000007823,7.1363995E-4
10.5,49.000007823,4.31941E-4
10.5,52.000007823,3.7148764E-4
10.5,55.000007823,3.2406065E-4
10.5,58.000007823,0.0037354717
10.5,67.000007823,4.1209641E-4
10.5,7.000007823,2.7566002E-5
10.5,79.000007823,0.015616839
100.5,-1.999992177,2.4525645E-5
100.5,1.000007823,2.4610246E-5
100.5,10.000007823,2.6798425E-5
100.5,13.000007823,2.8155486E-5
100.5,16.000007823,3.2334323E-5
100.5,19.000007823,3.6911162E-5
100.5,22.000007823,4.2148426E-5
100.5,25.000007823,4.9053764E-5
100.5,28.000007823,3.1355326E-4
100.5,31.000007823,8.6720753E-4
100.5,34.000007823,0.0028285517
100.5,37.000007823,0.0039193444
100.5,4.000007823,2.4790294E-5
100.5,40.000007823,1.005862E-6
100.5,43.000007823,1.636701E-6
100.5,7.000007823,2.5465926E-5
100.5,79.000007823,0.04232582
103.5,-1.999992177,2.4555184E-5
103.5,-4.999992177,2.4573646E-5
103.5,1.000007823,2.4645957E-5
103.5,10.000007823,2.553628E-5
103.5,13.000007823,2.8352953E-5
103.5,16.000007823,3.326507E-5
103.5,19.000007823,3.5742163E-5
103.5,22.000007823,4.1533298E-5
103.5,25.000007823,5.3083237E-5
103.5,28.000007823,7.122454E-5
103.5,31.000007823,4.5431373E-4
103.5,34.000007823,0.001181221
103.5,37.000007823,5.935272E-5
103.5,4.000007823,2.523437E-5
103.5,40.000007823,1.5497858E-6
103.5,43.000007823,1.5393538E-6
103.5,7.000007823,2.5491772E-5
103.5,79.000007823,0.03194979
106.5,-1.999992177,2.4659774E-5
106.5,-10.999992177,2.4771589E-5
106.5,-4.999992177,2.4721654E-5
106.5,-7.999992177,2.4759687E-5
106.5,10.000007823,2.5966221E-5
106.5,13.000007823,2.8417116E-5
106.5,16.000007823,3.234483E-5
106.5,19.000007823,4.158498E-5
106.5,22.000007823,5.0946903E-5
106.5,25.000007823,6.957361E-5
106.5,28.000007823,9.766758E-5
106.5,31.000007823,1.1330379E-4
106.5,34.000007823,8.271496E-4
106.5,37.000007823,0.0029354764
106.5,4.000007823,2.5178002E-5
106.5,40.000007823,1.1888532E-6
106.5,43.000007823,3.3542015E-6
106.5,46.000007823,7.452772E-12
106.5,79.000007823,0.044373926
109.5,-1.999992177,2.4550078E-5
109.5,-4.999992177,2.5219499E-5
109.5,-7.999992177,2.5109483E-5
109.5,1.000007823,2.4654044E-5
109.5,10.000007823,2.6979245E-5
109.5,13.000007823,2.882528E-5
109.5,16.000007823,3.1792686E-5
109.5,19.000007823,3.7690446E-5
109.5,22.000007823,5.6477395E-5
109.5,25.000007823,9.0446185E-5
109.5,28.000007823,1.3232107E-4
109.5,31.000007823,1.2613101E-4
109.5,34.000007823,0.0011913361
109.5,37.000007823,0.00428343
109.5,4.000007823,2.4874227E-5
109.5,40.000007823,1.8315011E-4
109.5,43.000007823,1.8527849E-6
109.5,46.000007823,1.9430424E-6
112.5,-1.999992177,2.4657298E-5
112.5,-22.999992177,6.6967493E-7
112.5,-25.999992177,6.340032E-7
112.5,-4.999992177,2.4587565E-5
112.5,-7.999992177,2.5392625E-5
112.5,1.000007823,2.4543298E-5
112.5,16.000007823,2.8045077E-5
112.5,19.000007823,3.9490904E-5
112.5,22.000007823,5.5251745E-5
112.5,25.000007823,1.01864935E-4
112.5,28.000007823,0.0010542521
112.5,31.000007823,1.8684883E-4
112.5,34.000007823,0.0014483456
112.5,37.000007823,0.003926394
112.5,4.000007823,2.4608084E-5
112.5,40.000007823,0.0119583765
112.5,43.000007823,8.4903935E-4
112.5,46.000007823,0.07766248
115.5,-1.999992177,2.4494366E-5
115.5,-19.999992177,6.2527414E-7
115.5,-22.999992177,8.946432E-7
115.5,-25.999992177,1.0857134E-6
115.5,-28.999992177,5.932939E-5
115.5,-31.999992177,5.6955152E-5
115.5,-34.999992177,4.0620907E-5
115.5,-4.999992177,2.4774408E-5
115.5,-7.999992177,2.5508398E-5
115.5,1.000007823,2.432123E-5
115.5,22.000007823,4.895374E-5
115.5,25.000007823,8.572672E-5
115.5,28.000007823,1.6036622E-4
115.5,31.000007823,0.0
115.5,34.000007823,0.001518821
115.5,37.000007823,0.002546392
115.5,4.000007823,2.435121E-5
115.5,40.000007823,0.010401745
115.5,43.000007823,6.997279E-4
115.5,46.000007823,0.3782704
115.5,7.000007823,2.4598909E-5
118.5,-1.999992177,2.4751609E-5
118.5,-10.999992177,2.6479307E-5
118.5,-19.999992177,7.411567E-7
118.5,-22.999992177,1.0971854E-6
118.5,-25.999992177,1.367175E-6
118.5,-28.999992177,1.2074856E-6
118.5,-31.999992177,8.4026146E-7
118.5,-34.999992177,4.1405277E-5
118.5,-4.999992177,2.4794452E-5
118.5,-7.999992177,2.5506091E-5
118.5,1.000007823,2.4425764E-5
118.5,10.000007823,2.508772E-5
118.5,16.000007823,2.5972888E-5
118.5,22.000007823,4.1402356E-5
118.5,25.000007823,6.721418E-5
118.5,28.000007823,1.19823315E-4
118.5,31.000007823,0.0012289645
118.5,34.000007823,0.0013228271
118.5,37.000007823,0.0033852078
118.5,4.000007823,2.4508765E-5
118.5,40.000007823,0.0062873135
118.5,43.000007823,0.025373122
118.5,46.000007823,0.8967898
118.5,7.000007823,2.4888797E-5
121.5,-1.999992177,2.492095E-5
121.5,-10.999992177,2.6430447E-5
121.5,-16.999992177,3.729978E-5
121.5,-19.999992177,5.7008594E-5
121.5,-22.999992177,1.1769797E-6
121.5,-25.999992177,1.3888229E-6
121.5,-28.999992177,1.1146258E-6
121.5,-31.999992177,7.147358E-7
121.5,-34.999992177,3.8055667E-5
121.5,-4.999992177,2.5113211E-5
121.5,-7.999992177,2.5625917E-5
121.5,1.000007823,2.4636607E-5
121.5,10.000007823,2.5091718E-5
121.5,13.000007823,2.5737845E-5
121.5,16.000007823,2.6923028E-5
121.5,19.000007823,2.8244995E-5
121.5,22.000007823,3.4056004E-5
121.5,25.000007823,4.2442232E-5
121.5,28.000007823,6.9590664E-4
121.5,31.000007823,9.455701E-4
121.5,34.000007823,0.0012829349
121.5,37.000007823,0.007102242
121.5,4.000007823,2.4597832E-5
121.5,40.000007823,0.035107248
121.5,43.000007823,0.031201823
121.5,7.000007823,2.459029E-5
124.5,-1.999992177,2.4734925E-5
124.5,-10.999992177,2.5843565E-5
124.5,-13.999992177,3.0034527E-5
124.5,-16.999992177,3.9701954E-5
124.5,-19.999992177,5.1760384E-5
124.5,-22.999992177,1.1393432E-6
124.5,-25.999992177,1.3376607E-6
124.5,-28.999992177,1.0387851E-6
124.5,-31.999992177,6.65564E-7
124.5,-34.999992177,3.899175E-5
124.5,-4.999992177,2.5139298E-5
124.5,-7.999992177,2.5566398E-5
124.5,1.000007823,2.4569166E-5
124.5,10.000007823,2.5262378E-5
124.5,13.000007823,2.5694428E-5
124.5,25.000007823,3.789938E-5
124.5,34.000007823,9.0257113E-4
124.5,37.000007823,0.012858298
124.5,4.000007823,2.4541185E-5
124.5,40.000007823,0.06356699
124.5,43.000007823,0.24654937
124.5,7.000007823,2.4839905E-5
127.5,-1.999992177,2.4838055E-5
127.5,-13.999992177,3.4914552E-5
127.5,-16.999992177,4.7293306E-5
127.5,-19.999992177,8.401574E-7
127.5,-22.999992177,1.1079816E-6
127.5,-25.999992177,1.265573E-6
127.5,-28.999992177,9.680281E-7
127.5,-31.999992177,5.817628E-7
127.5,-4.999992177,2.5174091E-5
127.5,-7.999992177,2.6076152E-5
127.5,1.000007823,2.4554616E-5
127.5,10.000007823,2.540168E-5
127.5,25.000007823,4.325008E-5
127.5,28.000007823,4.495325E-5
127.5,34.000007823,1.6701095E-4
127.5,37.000007823,0.002810081
127.5,4.000007823,2.4587682E-5
127.5,40.000007823,0.009224552
127.5,43.000007823,0.0
127.5,7.000007823,2.4822408E-5
13.5,-1.999992177,2.6338836E-5
13.5,-10.999992177,2.9302846E-5
13.5,-13.999992177,3.0778687E-5
13.5,-16.999992177,4.080132E-7
13.5,-19.999992177,2.3465692E-9
13.5,-22.999992177,2.210827E-9
13.5,-25.999992177,2.0406785E-9
13.5,-4.999992177,2.8495866E-5
13.5,-7.999992177,2.8283675E-5
13.5,1.000007823,2.5880394E-5
13.5,10.000007823,3.3779812E-5
13.5,13.000007823,4.5125136E-5
13.5,16.000007823,4.4209303E-9
13.5,19.000007823,7.171511E-9
13.5,22.000007823,8.953817E-9
13.5,25.000007823,1.0469543E-8
13.5,28.000007823,1.0562841E-8
13.5,31.000007823,7.655968E-9
13.5,34.000007823,8.0610357E-7
13.5,37.000007823,5.6791003E-5
13.5,4.000007823,2.5596435E-5
13.5,40.000007823,6.351773E-5
13.5,43.000007823,8.074038E-5
13.5,46.000007823,4.565447E-4
13.5,49.000007823,8.226512E-4
13.5,52.000007823,4.4777608E-4
13.5,55.000007823,3.500696E-4
13.5,58.000007823,7.3876383E-4
13.5,7.000007823,2.7773265E-5
13.5,70.000007823,3.6531824E-4
13.5,76.000007823,0.01621154
13.5,79.000007823,0.01795434
130.5,-1.999992177,2.4703326E-5
130.5,-10.999992177,2.8418617E-5
130.5,-13.999992177,3.6792513E-5
130.5,-16.999992177,5.3131844E-5
130.5,-19.999992177,7.575557E-5
130.5,-22.999992177,1.142655E-6
130.5,-25.999992177,1.2864998E-6
130.5,-28.999992177,9.4302453E-7
130.5,-31.999992177,6.1524696E-7
130.5,-4.999992177,2.5019093E-5
130.5,-7.999992177,2.5649026E-5
130.5,1.000007823,2.4506935E-5
130.5,25.000007823,3.952718E-5
130.5,28.000007823,5.040978E-5
130.5,31.000007823,8.746818E-5
130.5,34.000007823,1.2508173E-4
130.5,37.000007823,8.880913E-4
130.5,40.000007823,0.0024433986
130.5,43.000007823,0.023135226
133.5,-1.999992177,2.4816893E-5
133.5,-10.999992177,2.9146133E-5
133.5,-13.999992177,3.8107344E-5
133.5,-16.999992177,5.3901218E-5
133.5,-19.999992177,6.751681E-5
133.5,-22.999992177,1.1764345E-6
133.5,-25.999992177,1.3042006E-6
133.5,-28.999992177,1.0159271E-6
133.5,-31.999992177,6.5221275E-7
133.5,-34.999992177,3.7502457E-5
133.5,-4.999992177,2.519166E-5
133.5,-7.999992177,2.544554E-5
133.5,34.000007823,1.3322668E-4
133.5,37.000007823,1.2571846E-4
133.5,4.000007823,2.449987E-5
133.5,43.000007823,0.1483677
133.5,7.000007823,2.4409515E-5
136.5,-1.999992177,2.4659777E-5
136.5,-10.999992177,2.8337181E-5
136.5,-13.999992177,3.341159E-5
136.5,-16.999992177,4.7351798E-5
136.5,-19.999992177,7.098108E-5
136.5,-22.999992177,1.2251506E-6
136.5,-25.999992177,7.9045614E-9
136.5,-28.999992177,7.1800432E-9
136.5,-31.999992177,8.540389E-7
136.5,-34.999992177,3.7960053E-5
136.5,-4.999992177,2.558513E-5
136.5,-7.999992177,2.603219E-5
136.5,34.000007823,1.3482502E-4
136.5,37.000007823,8.7546656E-4
136.5,43.000007823,0.03873017
136.5,73.000007823,0.29671887
136.5,76.000007823,0.0014333079
139.5,-1.999992177,2.4480805E-5
139.5,-16.999992177,4.237544E-5
139.5,-19.999992177,6.2519066E-5
139.5,-22.999992177,1.0929166E-6
139.5,-25.999992177,1.2792711E-6
139.5,-28.999992177,2.427574E-9
139.5,-31.999992177,9.8379E-7
139.5,-34.999992177,5.2372314E-5
139.5,-37.999992177,3.9141407E-5
139.5,-4.999992177,2.5109395E-5
139.5,-7.999992177,2.574103E-5
139.5,34.000007823,1.0483243E-4
139.5,37.000007823,8.6020614E-4
139.5,40.000007823,0.01015336
139.5,43.000007823,0.00953711
139.5,76.000007823,2.0222366E-4
142.5,-1.999992177,2.4352408E-5
142.5,-10.999992177,2.665133E-5
142.5,-13.999992177,3.0996773E-5
142.5,-16.999992177,3.8878028E-5
142.5,-19.999992177,5.8479338E-5
142.5,-22.999992177,6.640393E-5
142.5,-25.999992177,1.2340954E-6
142.5,-28.999992177,1.2354119E-6
142.5,-31.999992177,1.034612E-6
142.5,-34.999992177,5.477202E-5
142.5,-37.999992177,4.4759236E-5
142.5,-4.999992177,2.4741212E-5
142.5,-40.999992177,3.0820378E-5
142.5,-7.999992177,2.5728388E-5
142.5,25.000007823,3.2048538E-5
142.5,28.000007823,3.6500325E-5
142.5,37.000007823,1.352204E-4
142.5,40.000007823,0.0014393284
142.5,43.000007823,0.014573415
142.5,76.000007823,1.6354695E-4
145.5,-1.999992177,2.4328141E-5
145.5,-13.999992177,2.9960316E-5
145.5,-16.999992177,3.5035893E-5
145.5,-19.999992177,4.7574078E-5
145.5,-22.999992177,6.955646E-5
145.5,-25.999992177,9.224699E-5
145.5,-28.999992177,7.582928E-5
145.5,-31.999992177,8.660217E-5
145.5,-34.999992177,7.6356526E-5
145.5,-37.999992177,4.7014026E-5
145.5,-4.999992177,2.4704625E-5
145.5,-40.999992177,3.430708E-5
145.5,-43.999992177,3.234639E-5
145.5,-7.999992177,2.561769E-5
145.5,13.000007823,2.466071E-5
145.5,16.000007823,2.5053441E-5
145.5,19.000007823,2.601493E-5
145.5,43.000007823,0.02060076
145.5,76.000007823,5.2318367E-4
148.5,-1.999992177,2.432418E-5
148.5,-10.999992177,2.6107173E-5
148.5,-19.999992177,4.1154377E-5
148.5,-22.999992177,5.4748853E-5
148.5,-25.999992177,7.974221E-5
148.5,-28.999992177,8.7047476E-5
148.5,-31.999992177,8.120421E-5
148.5,-34.999992177,7.063444E-5
148.5,-37.999992177,4.5303153E-5
148.5,-4.999992177,2.4724815E-5
148.5,-40.999992177,3.612982E-5
148.5,-43.999992177,3.4036886E-5
148.5,-7.999992177,2.5538498E-5
148.5,46.000007823,0.013427427
148.5,7.000007823,2.4213969E-5
148.5,76.000007823,0.0018280884
151.5,-1.999992177,2.4420833E-5
151.5,-10.999992177,2.5501735E-5
151.5,-16.999992177,2.7552887E-5
151.5,-22.999992177,4.2485728E-5
151.5,-25.999992177,5.5360597E-5
151.5,-28.999992177,6.377306E-5
151.5,-31.999992177,5.4956858E-5
151.5,-34.999992177,4.408705E-5
151.5,-37.999992177,3.4235825E-5
151.5,-4.999992177,2.4713961E-5
151.5,-7.999992177,2.5152865E-5
151.5,46.000007823,0.003042651
151.5,7.000007823,2.418705E-5
151.5,73.000007823,0.8637817
151.5,76.000007823,0.0019090653
154.5,-1.999992177,2.4314866E-5
154.5,-10.999992177,2.5210118E-5
154.5,-25.999992177,3.600552E-5
154.5,-28.999992177,4.0477073E-5
154.5,-4.999992177,2.4457984E-5
154.5,-7.999992177,2.4750887E-5
154.5,4.000007823,2.4213896E-5
154.5,49.000007823,0.0
154.5,52.000007823,0.005418043
157.5,-55.999992177,1.249945E-4
157.5,-7.999992177,2.460608E-5
157.5,7.000007823,2.4197923E-5
16.5,-1.999992177,2.5116902E-5
16.5,-10.999992177,2.8668665E-5
16.5,-13.999992177,3.618814E-5
16.5,-16.999992177,4.5996778E-5
16.5,-19.999992177,4.6236342E-5
16.5,-22.999992177,5.828703E-7
16.5,-25.999992177,3.0911667E-9
16.5,-28.999992177,2.8084692E-9
16.5,-31.999992177,2.7934988E-9
16.5,-4.999992177,2.6673642E-5
16.5,-7.999992177,2.7478447E-5
16.5,1.000007823,2.529923E-5
16.5,10.000007823,3.494538E-5
16.5,13.000007823,4.3248005E-5
16.5,16.000007823,3.958955E-9
16.5,19.000007823,6.1414225E-9
16.5,22.000007823,8.270827E-9
16.5,25.000007823,9.255499E-9
16.5,28.000007823,8.240395E-9
16.5,31.000007823,5.2844076E-9
16.5,37.000007823,5.8363654E-5
16.5,4.000007823,2.5862362E-5
16.5,40.000007823,6.557403E-5
16.5,43.000007823,8.300906E-5
16.5,46.000007823,5.902701E-4
16.5,49.000007823,8.7670505E-4
16.5,52.000007823,9.3624054E-4
16.5,55.000007823,0.0050737457
16.5,58.000007823,7.4597914E-4
16.5,7.000007823,2.9374254E-5
16.5,76.000007823,2.0745382E-4
16.5,79.000007823,2.641756E-4
160.5,-10.999992177,2.4774994E-5
160.5,-7.999992177,2.4633695E-5
160.5,7.000007823,2.4128607E-5
163.5,-10.999992177,2.4744544E-5
163.5,-19.999992177,2.9250974E-5
163.5,10.000007823,2.4400815E-5
163.5,13.000007823,2.4451181E-5
163.5,4.000007823,2.417159E-5
166.5,-10.999992177,2.4592558E-5
166.5,-13.999992177,2.5267193E-5
166.5,-16.999992177,2.5976375E-5
166.5,-19.999992177,2.9882669E-5
166.5,-22.999992177,3.056528E-5
166.5,-43.999992177,4.0754847E-5
166.5,-46.999992177,3.7528076E-5
166.5,-49.999992177,2.8671078E-5
166.5,10.000007823,2.421065E-5
166.5,55.000007823,3.9323152E-4
169.5,-10.999992177,2.4697283E-5
169.5,-13.999992177,2.5475201E-5
169.5,-16.999992177,2.6529338E-5
169.5,-19.999992177,2.8267455E-5
169.5,-43.999992177,2.2980648E-4
169.5,-46.999992177,3.9549996E-5
169.5,-52.999992177,2.7423248E-5
169.5,7.000007823,2.4163855E-5
172.5,-34.999992177,3.3974182E-5
172.5,-37.999992177,3.5407196E-5
172.5,-40.999992177,3.8433467E-5
172.5,-43.999992177,4.102768E-5
172.5,1.000007823,2.4167037E-5
172.5,4.000007823,2.414194E-5
172.5,52.000007823,1.775889E-4
172.5,7.000007823,2.41622E-5
175.5,-1.999992177,2.4200306E-5
175.5,-34.999992177,3.5317495E-5
175.5,-37.999992177,3.870596E-5
175.5,-4.999992177,2.4184086E-5
175.5,-40.999992177,3.8164504E-5
178.5,-16.999992177,2.6230973E-5
178.5,-19.999992177,2.6900194E-5
178.5,-37.999992177,4.010342E-5
178.5,-40.999992177,4.0906354E-5
178.5,-49.999992177,3.09396E-5
178.5,52.000007823,1.7086284E-4
178.5,61.000007823,0.07211534
19.5,-1.999992177,2.4930536E-5
19.5,-10.999992177,3.007459E-5
19.5,-13.999992177,3.747499E-5
19.5,-16.999992177,4.642833E-5
19.5,-19.999992177,5.284314E-5
19.5,-22.999992177,8.282754E-7
19.5,-25.999992177,1.1127066E-6
19.5,-28.999992177,5.6754503E-9
19.5,-31.999992177,7.294657E-7
19.5,-34.999992177,4.082848E-5
19.5,-4.999992177,2.497128E-5
19.5,-7.999992177,2.5712596E-5
19.5,1.000007823,2.5305959E-5
19.5,10.000007823,3.3691507E-5
19.5,13.000007823,3.8889928E-5
19.5,16.000007823,3.4205603E-9
19.5,19.000007823,5.0795053E-9
19.5,22.000007823,7.2599766E-9
19.5,25.000007823,8.339916E-9
19.5,28.000007823,6.8493473E-9
19.5,31.000007823,4.8347273E-9
19.5,37.000007823,7.1593735E-5
19.5,4.000007823,2.5690524E-5
19.5,40.000007823,7.999361E-5
19.5,43.000007823,4.7335448E-4
19.5,46.000007823,6.772992E-4
19.5,49.000007823,0.001055766
19.5,52.000007823,0.0011507557
19.5,55.000007823,0.0055415374
19.5,58.000007823,0.0039730435
19.5,61.000007823,0.005273645
19.5,7.000007823,2.928055E-5
19.5,73.000007823,0.0032382363
19.5,79.000007823,2.2209219E-4
19.5,82.000007823,2.3020217E-4
22.5,-1.999992177,2.4990422E-5
22.5,-10.999992177,3.092974E-5
22.5,-13.999992177,3.9309794E-5
22.5,-16.999992177,4.614709E-5
22.5,-19.999992177,5.5635548E-5
22.5,-22.999992177,5.2483174E-5
22.5,-25.999992177,1.0525919E-6
22.5,-28.999992177,1.0993303E-6
22.5,-31.999992177,8.823961E-7
22.5,-34.999992177,3.773734E-5
22.5,-4.999992177,2.5021236E-5
22.5,-7.999992177,2.5605594E-5
22.5,1.000007823,2.5194597E-5
22.5,10.000007823,3.5460864E-5
22.5,13.000007823,3.9603867E-5
22.5,16.000007823,3.3099876E-9
22.5,19.000007823,4.4387893E-9
22.5,22.000007823,6.9250614E-9
22.5,25.000007823,8.759558E-9
22.5,28.000007823,8.300774E-9
22.5,31.000007823,4.916103E-9
22.5,34.000007823,5.143906E-5
22.5,37.000007823,7.1955685E-5
22.5,4.000007823,2.5659287E-5
22.5,40.000007823,1.1551485E-4
22.5,43.000007823,6.101599E-4
22.5,46.000007823,0.0010442651
22.5,49.000007823,0.0011340847
22.5,52.000007823,0.001305168
22.5,55.000007823,0.0
22.5,58.000007823,0.0057157334
22.5,7.000007823,2.8822022E-5
22.5,76.000007823,0.004455486
22.5,79.000007823,1.9705572E-4
22.5,82.000007823,2.2331491E-4
25.5,-1.999992177,2.4931918E-5
25.5,-10.999992177,3.2927044E-5
25.5,-13.999992177,4.0331106E-5
25.5,-16.999992177,4.831017E-5
25.5,-19.999992177,5.167827E-5
25.5,-22.999992177,5.826163E-5
25.5,-25.999992177,6.7654415E-5
25.5,-28.999992177,8.533524E-5
25.5,-31.999992177,6.0036054E-5
25.5,-34.999992177,3.3297958E-5
25.5,-4.999992177,2.504462E-5
25.5,-7.999992177,2.636929E-5
25.5,1.000007823,2.5145857E-5
25.5,10.000007823,3.439945E-5
25.5,13.000007823,3.5580208E-5
25.5,16.000007823,4.090983E-9
25.5,19.000007823,5.3783165E-9
25.5,22.000007823,7.601267E-9
25.5,25.000007823,9.296623E-9
25.5,28.000007823,8.718921E-9
25.5,31.000007823,4.8164717E-9
25.5,34.000007823,5.1537576E-5
25.5,37.000007823,5.768722E-5
25.5,4.000007823,2.563028E-5
25.5,40.000007823,9.093684E-5
25.5,43.000007823,7.2921015E-4
25.5,46.000007823,0.0012296712
25.5,49.000007823,0.0012332757
25.5,52.000007823,0.0013919682
25.5,55.000007823,0.0
25.5,58.000007823,0.0075966376
25.5,7.000007823,2.8072003E-5
25.5,79.000007823,0.012317432
28.5,-1.999992177,2.4732153E-5
28.5,-10.999992177,3.49397E-5
28.5,-13.999992177,4.0091993E-5
28.5,-16.999992177,4.123495E-5
28.5,-19.999992177,4.6466972E-5
28.5,-22.999992177,5.228306E-5
28.5,-25.999992177,5.5557965E-5
28.5,-28.999992177,5.5258133E-5
28.5,-31.999992177,3.8692106E-5
28.5,-4.999992177,2.5596515E-5
28.5,-7.999992177,2.7689006E-5
28.5,1.000007823,2.5095025E-5
28.5,10.000007823,3.1731113E-5
28.5,13.000007823,3.1867763E-5
28.5,16.000007823,3.801858E-9
28.5,19.000007823,6.2084595E-9
28.5,22.000007823,8.105236E-9
28.5,25.000007823,8.944289E-9
28.5,28.000007823,7.2180533E-9
28.5,31.000007823,4.407469E-9
28.5,34.000007823,5.1686708E-5
28.5,37.000007823,9.8439246E-5
28.5,4.000007823,2.6551505E-5
28.5,40.000007823,9.560748E-5
28.5,43.000007823,5.634889E-4
28.5,46.000007823,0.0013831559
28.5,49.000007823,0.0015797019
28.5,52.000007823,0.0
28.5,55.000007823,0.010070409
28.5,58.000007823,0.010040353
28.5,7.000007823,2.8583396E-5
28.5,79.000007823,0.004312866
31.5,-1.999992177,2.5015292E-5
31.5,-10.999992177,3.3466615E-5
31.5,-13.999992177,3.8032256E-5
31.5,-16.999992177,3.9386196E-5
31.5,-19.999992177,4.0950283E-5
31.5,-22.999992177,4.1527845E-5
31.5,-25.999992177,3.8528186E-5
31.5,-28.999992177,3.658572E-5
31.5,-31.999992177,3.084401E-5
31.5,-4.999992177,2.7131671E-5
31.5,-7.999992177,2.8078359E-5
31.5,1.000007823,2.5704927E-5
31.5,10.000007823,3.0038862E-5
31.5,13.000007823,3.7005146E-5
31.5,16.000007823,3.714754E-9
31.5,19.000007823,6.085073E-9
31.5,22.000007823,7.051468E-9
31.5,25.000007823,8.319629E-9
31.5,28.000007823,6.3666485E-9
31.5,31.000007823,4.765531E-9
31.5,34.000007823,6.61255E-5
31.5,37.000007823,1.1669504E-4
31.5,4.000007823,2.7973307E-5
31.5,40.000007823,5.597921E-4
31.5,43.000007823,7.983252E-5
31.5,46.000007823,0.009232764
31.5,49.000007823,0.011708995
31.5,52.000007823,0.011954157
31.5,55.000007823,0.01170214
31.5,58.000007823,0.018387765
31.5,7.000007823,2.8155573E-5
31.5,79.000007823,6.901818E-5
34.5,-1.999992177,2.6208729E-5
34.5,-10.999992177,3.122561E-5
34.5,-13.999992177,3.29725E-5
34.5,-16.999992177,3.5682082E-5
34.5,-19.999992177,3.5302135E-5
34.5,-22.999992177,3.58254E-5
34.5,-25.999992177,3.385809E-5
34.5,-4.999992177,2.8301793E-5
34.5,-7.999992177,2.8995275E-5
34.5,1.000007823,2.6124473E-5
34.5,10.000007823,2.9985787E-5
34.5,13.000007823,3.4501354E-5
34.5,16.000007823,5.662814E-7
34.5,19.000007823,4.2317803E-9
34.5,22.000007823,4.4335646E-9
34.5,25.000007823,4.7568722E-9
34.5,28.000007823,5.1026117E-9
34.5,31.000007823,8.5006644E-7
34.5,34.000007823,7.2982075E-5
34.5,37.000007823,1.2495044E-4
34.5,4.000007823,2.6663693E-5
34.5,40.000007823,6.6238316E-4
34.5,43.000007823,4.2775238E-4
34.5,46.000007823,9.2099246E-4
34.5,49.000007823,0.014177646
34.5,52.000007823,0.014699397
34.5,55.000007823,0.021018436
34.5,58.000007823,0.021908775
34.5,7.000007823,2.733329E-5
34.5,79.000007823,1.8971243E-4
37.5,-1.999992177,2.8273575E-5
37.5,-10.999992177,2.922106E-5
37.5,-13.999992177,3.2379437E-5
37.5,-16.999992177,3.2873515E-5
37.5,-19.999992177,3.1159754E-5
37.5,-4.999992177,2.9408066E-5
37.5,-46.999992177,2.6763515E-5
37.5,-7.999992177,2.8161852E-5
37.5,1.000007823,2.6846072E-5
37.5,10.000007823,2.843275E-5
37.5,13.000007823,3.05896E-5
37.5,16.000007823,4.5010654E-7
37.5,19.000007823,3.3882324E-9
37.5,22.000007823,3.3464373E-9
37.5,25.000007823,4.2940127E-9
37.5,28.000007823,8.501398E-9
37.5,31.000007823,1.09520455E-8
37.5,34.000007823,1.7778776E-6
37.5,37.000007823,2.1102767E-4
37.5,4.000007823,2.7429962E-5
37.5,40.000007823,0.0012474344
37.5,43.000007823,1.0134569E-4
37.5,46.000007823,0.006128308
37.5,49.000007823,0.016276674
37.5,52.000007823,0.027676964
37.5,55.000007823,0.025242258
37.5,58.000007823,0.026750352
37.5,7.000007823,2.6851005E-5
4.5,10.000007823,3.1516498E-5
4.5,13.000007823,3.8419643E-5
4.5,16.000007823,6.486293E-7
4.5,19.000007823,5.673399E-9
4.5,22.000007823,7.2076816E-9
4.5,25.000007823,1.1212203E-8
4.5,28.000007823,1.8488885E-8
4.5,31.000007823,1.9872997E-8
4.5,34.000007823,1.2264332E-8
4.5,37.000007823,8.632217E-5
4.5,4.000007823,2.5730618E-5
4.5,40.000007823,5.3631666E-5
4.5,43.000007823,7.404396E-5
4.5,46.000007823,3.786144E-4
4.5,49.000007823,3.2766396E-4
4.5,52.000007823,5.681315E-5
4.5,58.000007823,0.001342671
4.5,61.000007823,2.0089204E-4
4.5,7.000007823,2.7031765E-5
40.5,-1.999992177,2.6997332E-5
40.5,-10.999992177,2.7483607E-5
40.5,-13.999992177,2.8573111E-5
40.5,-16.999992177,3.1271633E-5
40.5,-22.999992177,3.0496547E-5
40.5,-4.999992177,2.743832E-5
40.5,-7.999992177,2.6760987E-5
40.5,1.000007823,2.254624E-5
40.5,10.000007823,3.164507E-5
40.5,13.000007823,3.3354067E-5
40.5,16.000007823,4.306997E-7
40.5,19.000007823,5.5658484E-7
40.5,22.000007823,4.745646E-9
40.5,25.000007823,8.893647E-9
40.5,28.000007823,1.19922845E-8
40.5,31.000007823,1.6911494E-8
40.5,34.000007823,1.8304242E-8
40.5,37.000007823,3.1834247E-4
40.5,4.000007823,2.8219072E-5
40.5,40.000007823,0.0018471979
40.5,43.000007823,4.6747233E-4
40.5,46.000007823,0.0021403786
40.5,49.000007823,0.022182755
40.5,52.000007823,0.037915226
40.5,55.000007823,0.034049004
40.5,58.000007823,0.0814079
40.5,7.000007823,2.6902324E-5
43.5,-1.999992177,2.5874677E-5
43.5,-10.999992177,2.6529711E-5
43.5,-16.999992177,2.93948E-5
43.5,-19.999992177,3.3767956E-5
43.5,-22.999992177,3.7302023E-5
43.5,-25.999992177,3.7830796E-5
43.5,1.000007823,2.6779988E-5
43.5,10.000007823,3.467093E-5
43.5,13.000007823,4.5309068E-7
43.5,16.000007823,2.8406304E-9
43.5,19.000007823,4.755515E-9
43.5,22.000007823,7.993085E-9
43.5,25.000007823,1.1077992E-8
43.5,28.000007823,4.861739E-9
43.5,31.000007823,2.0026206E-8
43.5,34.000007823,7.753517E-9
43.5,37.000007823,0.0015624192
43.5,4.000007823,2.7726734E-5
43.5,40.000007823,0.002144634
43.5,43.000007823,0.001188073
43.5,46.000007823,0.0
43.5,49.000007823,0.03213264
43.5,52.000007823,0.049536068
43.5,55.000007823,0.09702293
43.5,58.000007823,0.08762994
43.5,7.000007823,2.1843076E-5
43.5,70.000007823,0.0010930197
46.5,-13.999992177,2.7880316E-5
46.5,-16.999992177,2.9946383E-5
46.5,-19.999992177,3.3661956E-5
46.5,-22.999992177,3.4571403E-5
46.5,-25.999992177,3.542375E-5
46.5,1.000007823,2.6023314E-5
46.5,10.000007823,2.3784232E-9
46.5,13.000007823,2.606095E-9
46.5,16.000007823,3.2261849E-9
46.5,19.000007823,5.969583E-9
46.5,22.000007823,9.135525E-9
46.5,25.000007823,1.1259642E-8
46.5,28.000007823,5.2954987E-9
46.5,31.000007823,1.9357895E-8
46.5,34.000007823,3.104375E-4
46.5,37.000007823,0.0024001026
46.5,4.000007823,3.2825972E-7
46.5,40.000007823,9.019482E-4
46.5,43.000007823,0.001651106
46.5,46.000007823,3.4497885E-4
46.5,49.000007823,9.525234E-4
46.5,52.000007823,0.06845259
46.5,55.000007823,0.14964916
46.5,58.000007823,0.12795672
46.5,7.000007823,3.405267E-7
46.5,79.000007823,1.2446895E-4
46.5,82.000007823,1.2593683E-4
49.5,-10.999992177,2.6646896E-5
49.5,-13.999992177,2.8851126E-5
49.5,-16.999992177,3.0907453E-5
49.5,-19.999992177,3.0737436E-5
49.5,-22.999992177,3.0167199E-5
49.5,-7.999992177,2.5538673E-5
49.5,10.000007823,2.5303546E-9
49.5,13.000007823,2.2889013E-9
49.5,16.000007823,2.8305485E-9
49.5,19.000007823,4.635742E-9
49.5,22.000007823,6.835734E-9
49.5,25.000007823,7.965721E-9
49.5,28.000007823,9.3802965E-9
49.5,31.000007823,3.2833464E-6
49.5,34.000007823,1.9926325E-5
49.5,37.000007823,1.7474357E-4
49.5,4.000007823,3.2623845E-7
49.5,40.000007823,1.5767674E-4
49.5,43.000007823,1.09415036E-4
49.5,46.000007823,0.0
49.5,49.000007823,0.0020541484
49.5,52.000007823,0.116450764
49.5,55.000007823,0.18165593
49.5,58.000007823,0.14528593
49.5,7.000007823,2.0457125E-9
49.5,70.000007823,0.020560175
49.5,79.000007823,8.921928E-4
49.5,82.000007823,9.16477E-4
52.5,-10.999992177,2.5821091E-5
52.5,-4.999992177,2.4873154E-5
52.5,-7.999992177,2.510176E-5
52.5,10.000007823,2.2634112E-9
52.5,13.000007823,2.0647506E-9
52.5,16.000007823,2.7588718E-9
52.5,19.000007823,4.3084416E-9
52.5,22.000007823,5.4150413E-9
52.5,25.000007823,5.9998584E-9
52.5,28.000007823,1.490739E-6
52.5,31.000007823,3.852496E-6
52.5,34.000007823,2.8385978E-8
52.5,37.000007823,1.8046796E-4
52.5,40.000007823,1.8520913E-8
52.5,43.000007823,0.0
52.5,46.000007823,3.9238544E-6
52.5,49.000007823,0.0050505023
52.5,52.000007823,0.18480588
52.5,55.000007823,0.21257977
52.5,73.000007823,0.010954754
52.5,79.000007823,0.001110128
52.5,82.000007823,0.0027713869
55.5,-19.999992177,2.9078854E-5
55.5,-4.999992177,2.4723906E-5
55.5,-7.999992177,2.4927846E-5
55.5,13.000007823,2.09356E-9
55.5,16.000007823,2.9831553E-9
55.5,19.000007823,3.3344063E-9
55.5,22.000007823,4.0977164E-9
55.5,25.000007823,4.7291904E-9
55.5,28.000007823,2.6889662E-9
55.5,31.000007823,2.0487237E-8
55.5,34.000007823,2.3898336E-8
55.5,37.000007823,2.9300422E-6
55.5,40.000007823,1.9106841E-7
55.5,43.000007823,5.258852E-7
55.5,46.000007823,1.4129497E-5
55.5,49.000007823,0.003778309
55.5,52.000007823,0.21214208
55.5,55.000007823,0.111470185
55.5,70.000007823,0.029527325
55.5,73.000007823,0.015784586
55.5,76.000007823,2.577468E-4
55.5,79.000007823,0.009298315
55.5,82.000007823,0.009600259
58.5,-19.999992177,2.9200673E-5
58.5,19.000007823,2.6057616E-9
58.5,22.000007823,3.3078618E-9
58.5,25.000007823,3.9891392E-9
58.5,28.000007823,9.141967E-9
58.5,31.000007823,1.5706666E-8
58.5,34.000007823,2.0714158E-8
58.5,37.000007823,2.1074024E-5
58.5,40.000007823,2.4302838E-7
58.5,43.000007823,6.0672033E-7
58.5,46.000007823,3.1660857E-5
58.5,49.000007823,0.0050885286
58.5,52.000007823,0.20461681
58.5,55.000007823,0.1335284
58.5,73.000007823,0.0021912977
58.5,76.000007823,0.2664423
58.5,79.000007823,0.013533936
58.5,82.000007823,0.013644322
61.5,25.000007823,4.4558184E-9
61.5,28.000007823,1.30068525E-8
61.5,31.000007823,2.2076836E-8
61.5,34.000007823,3.447553E-6
61.5,37.000007823,4.4350686E-6
61.5,40.000007823,2.1841808E-7
61.5,43.000007823,7.051713E-7
61.5,46.000007823,3.8571598E-5
61.5,49.000007823,0.007307776
61.5,52.000007823,0.0049661277
61.5,76.000007823,0.015121222
61.5,79.000007823,0.0123876445
61.5,82.000007823,0.011671426
64.5,-19.999992177,2.7642025E-5
64.5,25.000007823,5.2193E-9
64.5,28.000007823,1.4985973E-8
64.5,31.000007823,2.5488996E-8
64.5,34.000007823,4.0144E-5
64.5,37.000007823,3.7826594E-6
64.5,40.000007823,5.4386753E-8
64.5,43.000007823,7.4897406E-7
64.5,46.000007823,3.0589967E-5
64.5,49.000007823,0.009082606
64.5,76.000007823,0.012223911
64.5,82.000007823,0.010457008
67.5,-49.999992177,1.4011678E-4
67.5,22.000007823,4.8094647E-5
67.5,25.000007823,9.307061E-7
67.5,28.000007823,1.2952645E-8
67.5,31.000007823,3.750374E-6
67.5,34.000007823,0.0043396703
67.5,37.000007823,1.776643E-5
67.5,40.000007823,0.0014706192
67.5,43.000007823,8.230543E-5
67.5,46.000007823,0.0
67.5,76.000007823,0.009841327
7.5,-1.999992177,2.6297968E-5
7.5,1.000007823,2.5528661E-5
7.5,10.000007823,3.086431E-5
7.5,13.000007823,4.1616015E-5
7.5,16.000007823,6.6399303E-7
7.5,19.000007823,5.7688916E-9
7.5,22.000007823,7.091927E-9
7.5,25.000007823,1.0297173E-8
7.5,28.000007823,1.7771693E-8
7.5,31.000007823,1.8960371E-8
7.5,34.000007823,1.2308384E-8
7.5,37.000007823,9.370692E-5
7.5,4.000007823,2.5578165E-5
7.5,40.000007823,5.912164E-5
7.5,43.000007823,6.130436E-5
7.5,46.000007823,6.247235E-4
7.5,49.000007823,3.7059412E-4
7.5,52.000007823,3.0949822E-4
7.5,55.000007823,2.9318637E-4
7.5,7.000007823,2.7413078E-5
70.5,-4.999992177,2.4674426E-5
70.5,-49.999992177,1.4061955E-4
70.5,22.000007823,4.8902733E-5
70.5,25.000007823,1.1546194E-6
70.5,28.000007823,1.232311E-8
70.5,31.000007823,2.7414867E-6
70.5,34.000007823,1.9843153E-4
70.5,37.000007823,0.001846205
70.5,40.000007823,0.0027713247
70.5,43.000007823,0.004969366
70.5,46.000007823,2.3480748E-6
73.5,-1.999992177,2.4464716E-5
73.5,-4.999992177,2.4665835E-5
73.5,-52.999992177,1.4085846E-4
73.5,1.000007823,2.4584258E-5
73.5,10.000007823,2.5393476E-5
73.5,13.000007823,2.6853397E-5
73.5,16.000007823,3.0269883E-5
73.5,19.000007823,3.5802947E-5
73.5,22.000007823,5.129304E-5
73.5,25.000007823,7.570896E-5
73.5,28.000007823,1.8026533E-6
73.5,31.000007823,1.5100444E-4
73.5,34.000007823,1.5996247E-4
73.5,37.000007823,1.5601564E-4
73.5,4.000007823,2.4797979E-5
73.5,40.000007823,0.0075385715
73.5,43.000007823,0.007085728
73.5,46.000007823,1.6190516E-11
73.5,7.000007823,2.4913154E-5
76.5,10.000007823,2.7387694E-5
76.5,13.000007823,3.0710802E-5
76.5,16.000007823,3.516312E-5
76.5,19.000007823,4.7870817E-5
76.5,22.000007823,6.1054874E-5
76.5,25.000007823,9.052124E-5
76.5,28.000007823,1.240258E-4
76.5,31.000007823,1.11794885E-4
76.5,34.000007823,0.0036712103
76.5,37.000007823,6.102233E-7
76.5,40.000007823,6.8567675E-7
76.5,43.000007823,1.2668116E-4
76.5,46.000007823,0.0014403709
76.5,7.000007823,2.6348072E-5
79.5,10.000007823,2.9168003E-5
79.5,13.000007823,3.505215E-5
79.5,16.000007823,3.9811523E-5
79.5,19.000007823,5.3416017E-5
79.5,22.000007823,6.796035E-5
79.5,25.000007823,1.0157058E-4
79.5,28.000007823,9.875125E-5
79.5,31.000007823,7.815121E-4
79.5,34.000007823,3.8079048E-7
79.5,37.000007823,5.837263E-7
79.5,40.000007823,5.5265497E-7
79.5,43.000007823,0.008246301
79.5,46.000007823,0.01839746
79.5,7.000007823,2.5998132E-5
79.5,82.000007823,7.534385E-5
82.5,10.000007823,2.7094255E-5
82.5,16.000007823,3.571928E-5
82.5,19.000007823,4.417809E-5
82.5,22.000007823,6.761092E-5
82.5,25.000007823,9.497897E-5
82.5,28.000007823,6.97852E-5
82.5,31.000007823,0.0011618154
82.5,34.000007823,3.1641036E-7
82.5,37.000007823,7.0772785E-7
82.5,40.000007823,9.074206E-7
82.5,43.000007823,2.0976769E-4
82.5,46.000007823,7.025583E-4
82.5,7.000007823,2.6140926E-5
82.5,76.000007823,0.020873398
85.5,19.000007823,3.6495443E-5
85.5,22.000007823,5.6830515E-5
85.5,25.000007823,7.07799E-5
85.5,28.000007823,6.729638E-5
85.5,31.000007823,2.2541364E-5
85.5,34.000007823,2.5515155E-7
85.5,37.000007823,6.357766E-7
85.5,40.000007823,9.718061E-7
85.5,43.000007823,0.0
85.5,76.000007823,0.046272445
88.5,22.000007823,4.5391113E-5
88.5,25.000007823,5.217158E-5
88.5,28.000007823,3.8940454E-4
88.5,31.000007823,2.8083223E-5
88.5,34.000007823,4.0953066E-5
88.5,37.000007823,3.5953985E-7
88.5,40.000007823,9.675597E-7
88.5,43.000007823,1.6977143E-6
91.5,10.000007823,2.49612E-5
91.5,13.000007823,2.5219366E-5
91.5,19.000007823,3.3984637E-5
91.5,22.000007823,3.6821802E-5
91.5,25.000007823,4.1302443E-5
91.5,28.000007823,3.777999E-4
91.5,31.000007823,3.0121235E-5
91.5,34.000007823,4.126565E-5
91.5,37.000007823,3.4759736E-7
91.5,40.000007823,1.0884238E-6
91.5,43.000007823,1.3346718E-6
91.5,79.000007823,2.2432151E-4
91.5,82.000007823,1.764989E-4
94.5,13.000007823,2.5246314E-5
94.5,16.000007823,2.8867837E-5
94.5,19.000007823,3.613618E-5
94.5,22.000007823,4.0528812E-5
94.5,25.000007823,4.496264E-5
94.5,28.000007823,5.7830766E-5
94.5,31.000007823,0.0014485739
94.5,34.000007823,0.003087371
94.5,37.000007823,4.6717435E-7
94.5,4.000007823,2.4921213E-5
94.5,40.000007823,8.0004213E-7
94.5,43.000007823,1.5220063E-6
94.5,46.000007823,1.592318E-6
94.5,7.000007823,2.4812687E-5
94.5,79.000007823,8.200667E-5
94.5,82.000007823,2.0754577E-4
97.5,-1.999992177,2.4536208E-5
97.5,-10.999992177,2.4724073E-5
97.5,1.000007823,2.4658373E-5
97.5,10.000007823,2.5845644E-5
97.5,13.000007823,2.6730402E-5
97.5,16.000007823,2.9866378E-5
97.5,19.000007823,3.6415484E-5
97.5,22.000007823,4.437845E-5
97.5,25.000007823,4.854176E-5
97.5,28.000007823,5.837359E-5
97.5,31.000007823,0.0012739794
97.5,34.000007823,0.0028218732
97.5,37.000007823,6.0511993E-5
97.5,4.000007823,2.4815727E-5
97.5,40.000007823,7.180968E-7
97.5,43.000007823,1.94781E-6
97.5,46.000007823,2.0853915E-6
97.5,7.000007823,2.5304342E-5
97.5,79.000007823,0.04308066
97.5,82.000007823,4.0311887E-10
