x,y,GuloGulo_PA4_allRun logistic values
-91.5,82.000007823,0.6157639
-88.5,82.000007823,0.9032352
-85.5,82.000007823,0.92957574
-82.5,82.000007823,0.92957574
-79.5,82.000007823,0.92957574
-76.5,82.000007823,0.92957574
-73.5,82.000007823,0.92957574
-70.5,82.000007823,0.92957574
-67.5,82.000007823,0.92957574
-64.5,82.000007823,0.92957574
-61.5,82.000007823,1.6574103E-28
-88.5,79.000007823,0.60032
-85.5,79.000007823,0.6168419
-82.5,79.000007823,0.56074756
-79.5,79.000007823,0.92957574
-76.5,79.000007823,0.92957574
-73.5,79.000007823,0.92957574
-70.5,79.000007823,8.169566E-29
-118.5,76.000007823,0.28980193
-115.5,76.000007823,0.29986858
-112.5,76.000007823,0.3080497
-109.5,76.000007823,0.1730465
-106.5,76.000007823,0.13852046
-88.5,76.000007823,0.92957574
-85.5,76.000007823,0.92957574
-82.5,76.000007823,0.92957574
-79.5,76.000007823,0.92957574
88.5,76.000007823,0.92957574
91.5,76.000007823,0.92957574
94.5,76.000007823,0.92957574
97.5,76.000007823,0.92957574
100.5,76.000007823,0.92957574
103.5,76.000007823,0.92957574
106.5,76.000007823,0.92957574
109.5,76.000007823,0.92957574
112.5,76.000007823,0.92957574
-124.5,73.000007823,1.5976004E-28
-121.5,73.000007823,0.92957574
-118.5,73.000007823,0.92957574
-115.5,73.000007823,0.92957574
-112.5,73.000007823,0.09180414
-109.5,73.000007823,0.1210334
-106.5,73.000007823,0.12781067
-103.5,73.000007823,0.12701926
-94.5,73.000007823,0.92957574
-88.5,73.000007823,0.92957574
-85.5,73.000007823,0.92957574
-82.5,73.000007823,0.92957574
-79.5,73.000007823,0.92957574
-76.5,73.000007823,0.92957574
-73.5,73.000007823,0.92957574
67.5,73.000007823,0.3458322
70.5,73.000007823,0.2997437
73.5,73.000007823,0.006252668
76.5,73.000007823,0.92957574
79.5,73.000007823,2.1208501E-26
82.5,73.000007823,4.1393193E-26
85.5,73.000007823,0.92957574
88.5,73.000007823,0.92957574
91.5,73.000007823,0.92957574
94.5,73.000007823,0.92957574
97.5,73.000007823,0.92957574
100.5,73.000007823,0.92957574
103.5,73.000007823,0.92957574
106.5,73.000007823,0.92957574
109.5,73.000007823,0.92957574
112.5,73.000007823,0.92957574
115.5,73.000007823,0.92957574
118.5,73.000007823,0.92957574
121.5,73.000007823,0.92957574
124.5,73.000007823,0.92957574
127.5,73.000007823,0.92957574
130.5,73.000007823,0.92957574
133.5,73.000007823,0.92957574
139.5,73.000007823,0.92957574
142.5,73.000007823,0.92957574
145.5,73.000007823,0.92957574
148.5,73.000007823,0.92957574
-178.5,70.000007823,0.0033801475
-166.5,70.000007823,2.6223199E-30
-163.5,70.000007823,4.4086267E-30
-160.5,70.000007823,0.011517016
-157.5,70.000007823,0.020838253
-154.5,70.000007823,0.92957574
-151.5,70.000007823,0.92957574
-148.5,70.000007823,0.92957574
-145.5,70.000007823,0.92957574
-142.5,70.000007823,0.92957574
-139.5,70.000007823,0.92957574
-136.5,70.000007823,0.92957574
-133.5,70.000007823,0.92957574
-130.5,70.000007823,0.92957574
-127.5,70.000007823,0.92957574
-124.5,70.000007823,0.92957574
-121.5,70.000007823,0.92957574
-118.5,70.000007823,0.92957574
-115.5,70.000007823,0.92957574
-112.5,70.000007823,4.977049E-28
-109.5,70.000007823,1.3477485E-27
-106.5,70.000007823,1.9269663E-27
-103.5,70.000007823,0.2595987
-100.5,70.000007823,0.24566942
-97.5,70.000007823,0.92957574
-94.5,70.000007823,0.92957574
-91.5,70.000007823,0.92957574
-88.5,70.000007823,0.92957574
-85.5,70.000007823,0.92957574
-82.5,70.000007823,0.92957574
-79.5,70.000007823,0.92957574
-76.5,70.000007823,0.92957574
-73.5,70.000007823,1.6222823E-29
-70.5,70.000007823,0.015070978
-67.5,70.000007823,0.007968652
16.5,70.000007823,0.0019808006
19.5,70.000007823,0.17783454
22.5,70.000007823,0.012121365
25.5,70.000007823,0.018283883
28.5,70.000007823,7.090963E-5
31.5,70.000007823,0.17570288
34.5,70.000007823,0.003370467
37.5,70.000007823,0.0027338546
52.5,70.000007823,0.92957574
58.5,70.000007823,0.92957574
61.5,70.000007823,0.92957574
64.5,70.000007823,0.92957574
67.5,70.000007823,0.60784924
70.5,70.000007823,0.015435245
73.5,70.000007823,0.92957574
76.5,70.000007823,0.92957574
79.5,70.000007823,0.92957574
82.5,70.000007823,0.92957574
85.5,70.000007823,0.92957574
88.5,70.000007823,0.92957574
91.5,70.000007823,0.92957574
94.5,70.000007823,0.92957574
97.5,70.000007823,0.92957574
100.5,70.000007823,0.92957574
103.5,70.000007823,0.92957574
106.5,70.000007823,0.92957574
109.5,70.000007823,0.92957574
112.5,70.000007823,0.92957574
115.5,70.000007823,0.92957574
118.5,70.000007823,0.92957574
121.5,70.000007823,0.92957574
124.5,70.000007823,0.92957574
127.5,70.000007823,0.92957574
130.5,70.000007823,0.92957574
133.5,70.000007823,0.92957574
136.5,70.000007823,0.92957574
139.5,70.000007823,0.92957574
142.5,70.000007823,0.92957574
145.5,70.000007823,0.92957574
148.5,70.000007823,0.92957574
151.5,70.000007823,0.92957574
154.5,70.000007823,0.92957574
157.5,70.000007823,0.92957574
160.5,70.000007823,0.92957574
163.5,70.000007823,0.92957574
166.5,70.000007823,0.92957574
169.5,70.000007823,0.92957574
172.5,70.000007823,0.92957574
175.5,70.000007823,0.92957574
178.5,70.000007823,0.0171872
-178.5,67.000007823,0.9121588
-175.5,67.000007823,0.772076
-172.5,67.000007823,0.6950421
-169.5,67.000007823,0.74492
-166.5,67.000007823,0.92957574
-163.5,67.000007823,0.0053674844
-160.5,67.000007823,0.012928062
-157.5,67.000007823,0.92957574
-154.5,67.000007823,0.92957574
-151.5,67.000007823,0.92957574
-148.5,67.000007823,0.92957574
-145.5,67.000007823,0.92957574
-142.5,67.000007823,0.92957574
-139.5,67.000007823,0.92957574
-136.5,67.000007823,0.92957574
-133.5,67.000007823,0.92957574
-130.5,67.000007823,0.92957574
-127.5,67.000007823,0.92957574
-124.5,67.000007823,0.92957574
-121.5,67.000007823,0.92957574
-118.5,67.000007823,0.92957574
-115.5,67.000007823,0.92957574
-112.5,67.000007823,0.92957574
-109.5,67.000007823,0.92957574
-106.5,67.000007823,0.92957574
-103.5,67.000007823,0.92957574
-100.5,67.000007823,0.92957574
-97.5,67.000007823,0.92957574
-94.5,67.000007823,0.92957574
-91.5,67.000007823,0.92957574
-88.5,67.000007823,0.92957574
-85.5,67.000007823,0.92957574
-82.5,67.000007823,0.92957574
-73.5,67.000007823,9.824306E-30
-70.5,67.000007823,0.013503169
-67.5,67.000007823,1.0336256E-26
-64.5,67.000007823,4.6983373E-27
-61.5,67.000007823,0.92957574
13.5,67.000007823,0.0021136163
16.5,67.000007823,5.893399E-5
19.5,67.000007823,0.016185556
22.5,67.000007823,0.033934336
25.5,67.000007823,0.037867233
28.5,67.000007823,0.020194225
31.5,67.000007823,0.014806277
34.5,67.000007823,0.008093995
37.5,67.000007823,0.0055241464
40.5,67.000007823,0.00689935
43.5,67.000007823,0.007446855
46.5,67.000007823,0.021184862
49.5,67.000007823,0.92957574
52.5,67.000007823,0.92957574
55.5,67.000007823,0.92957574
58.5,67.000007823,0.92957574
61.5,67.000007823,0.92957574
64.5,67.000007823,0.92957574
67.5,67.000007823,0.92957574
70.5,67.000007823,0.92957574
73.5,67.000007823,0.92957574
76.5,67.000007823,0.92957574
79.5,67.000007823,0.92957574
82.5,67.000007823,0.92957574
85.5,67.000007823,0.92957574
88.5,67.000007823,0.92957574
91.5,67.000007823,0.92957574
94.5,67.000007823,0.92957574
97.5,67.000007823,0.92957574
100.5,67.000007823,0.92957574
103.5,67.000007823,0.92957574
106.5,67.000007823,0.92957574
109.5,67.000007823,0.92957574
112.5,67.000007823,0.92957574
115.5,67.000007823,0.92957574
118.5,67.000007823,0.92957574
121.5,67.000007823,0.92957574
124.5,67.000007823,0.92957574
127.5,67.000007823,0.92957574
130.5,67.000007823,0.92957574
133.5,67.000007823,0.92957574
136.5,67.000007823,0.92957574
139.5,67.000007823,0.92957574
142.5,67.000007823,0.92957574
145.5,67.000007823,0.92957574
148.5,67.000007823,0.92957574
151.5,67.000007823,0.92957574
154.5,67.000007823,0.92957574
157.5,67.000007823,0.92957574
160.5,67.000007823,0.92957574
163.5,67.000007823,0.92957574
166.5,67.000007823,0.92957574
169.5,67.000007823,0.92957574
172.5,67.000007823,0.92957574
175.5,67.000007823,0.92957574
178.5,67.000007823,0.92957574
-178.5,64.000007823,0.87584865
-175.5,64.000007823,0.92957574
-172.5,64.000007823,0.92957574
-166.5,64.000007823,0.92957574
-163.5,64.000007823,0.92957574
-160.5,64.000007823,0.92957574
-157.5,64.000007823,0.92957574
-154.5,64.000007823,0.92957574
-151.5,64.000007823,0.92957574
-148.5,64.000007823,0.92957574
-145.5,64.000007823,0.92957574
-142.5,64.000007823,0.92957574
-139.5,64.000007823,0.92957574
-136.5,64.000007823,0.92957574
-133.5,64.000007823,0.92957574
-130.5,64.000007823,0.92957574
-127.5,64.000007823,0.92957574
-124.5,64.000007823,0.92957574
-121.5,64.000007823,0.92957574
-118.5,64.000007823,0.92957574
-115.5,64.000007823,0.92957574
-112.5,64.000007823,0.92957574
-109.5,64.000007823,0.92957574
-106.5,64.000007823,0.92957574
-103.5,64.000007823,0.92957574
-100.5,64.000007823,0.92957574
-97.5,64.000007823,0.92957574
-94.5,64.000007823,0.92957574
-91.5,64.000007823,0.92957574
-88.5,64.000007823,0.92957574
-76.5,64.000007823,1.566257E-26
-73.5,64.000007823,0.92957574
-70.5,64.000007823,0.92957574
-67.5,64.000007823,1.1348998E-26
-64.5,64.000007823,0.7718479
7.5,64.000007823,8.556707E-4
10.5,64.000007823,0.0049544387
13.5,64.000007823,5.9324633E-5
16.5,64.000007823,3.37799E-4
19.5,64.000007823,0.018989226
22.5,64.000007823,4.6529758E-4
25.5,64.000007823,0.013812911
28.5,64.000007823,0.022050923
31.5,64.000007823,0.02640373
34.5,64.000007823,0.016248746
37.5,64.000007823,0.028345095
40.5,64.000007823,0.0398654
43.5,64.000007823,0.043462873
46.5,64.000007823,0.121888325
49.5,64.000007823,0.92957574
52.5,64.000007823,0.92957574
55.5,64.000007823,0.92957574
58.5,64.000007823,0.92957574
61.5,64.000007823,0.92957574
64.5,64.000007823,0.92957574
67.5,64.000007823,0.92957574
70.5,64.000007823,0.92957574
73.5,64.000007823,0.92957574
76.5,64.000007823,0.92957574
79.5,64.000007823,0.92957574
82.5,64.000007823,0.92957574
85.5,64.000007823,0.92957574
88.5,64.000007823,0.92957574
91.5,64.000007823,0.92957574
94.5,64.000007823,0.92957574
97.5,64.000007823,0.92957574
100.5,64.000007823,0.92957574
103.5,64.000007823,0.92957574
106.5,64.000007823,0.92957574
109.5,64.000007823,0.92957574
112.5,64.000007823,0.92957574
115.5,64.000007823,0.92957574
118.5,64.000007823,0.92957574
121.5,64.000007823,0.92957574
124.5,64.000007823,0.92957574
127.5,64.000007823,0.92957574
130.5,64.000007823,0.92957574
133.5,64.000007823,0.92957574
136.5,64.000007823,0.92957574
139.5,64.000007823,0.92957574
142.5,64.000007823,0.92957574
145.5,64.000007823,0.92957574
148.5,64.000007823,0.92957574
151.5,64.000007823,0.92957574
154.5,64.000007823,0.92957574
157.5,64.000007823,0.92957574
160.5,64.000007823,0.92957574
163.5,64.000007823,0.92957574
166.5,64.000007823,0.92957574
169.5,64.000007823,0.92957574
172.5,64.000007823,0.92957574
175.5,64.000007823,0.92957574
178.5,64.000007823,0.92957574
-166.5,61.000007823,0.0021640891
-163.5,61.000007823,0.00865688
-160.5,61.000007823,0.034857094
-157.5,61.000007823,0.92957574
-154.5,61.000007823,0.0010418098
-151.5,61.000007823,3.2779225E-4
-148.5,61.000007823,1.1135279E-4
-145.5,61.000007823,5.956254E-4
-142.5,61.000007823,0.76496315
-139.5,61.000007823,0.92957574
-136.5,61.000007823,0.92957574
-133.5,61.000007823,0.92957574
-130.5,61.000007823,0.92957574
-127.5,61.000007823,0.92957574
-124.5,61.000007823,0.92957574
-121.5,61.000007823,0.92957574
-118.5,61.000007823,0.92957574
-115.5,61.000007823,0.92957574
-112.5,61.000007823,0.92957574
-109.5,61.000007823,0.92957574
-106.5,61.000007823,0.92957574
-103.5,61.000007823,0.92957574
-100.5,61.000007823,0.92957574
-97.5,61.000007823,0.92957574
-94.5,61.000007823,0.92957574
-76.5,61.000007823,0.92957574
-73.5,61.000007823,0.92957574
-70.5,61.000007823,0.92957574
-67.5,61.000007823,0.89325553
-64.5,61.000007823,0.92957574
7.5,61.000007823,0.0036015948
10.5,61.000007823,1.21382676E-4
13.5,61.000007823,1.4456116E-4
16.5,61.000007823,1.8513761E-4
22.5,61.000007823,1.9751726E-4
25.5,61.000007823,0.0070861266
28.5,61.000007823,0.009941778
31.5,61.000007823,0.015386187
34.5,61.000007823,0.02304738
37.5,61.000007823,0.04446126
40.5,61.000007823,0.0557359
43.5,61.000007823,0.07254191
46.5,61.000007823,0.12491161
49.5,61.000007823,0.17567672
52.5,61.000007823,0.2296985
55.5,61.000007823,0.92957574
58.5,61.000007823,0.92957574
61.5,61.000007823,0.92957574
64.5,61.000007823,0.92957574
67.5,61.000007823,0.92957574
70.5,61.000007823,0.92957574
73.5,61.000007823,0.92957574
76.5,61.000007823,0.92957574
79.5,61.000007823,0.92957574
82.5,61.000007823,0.92957574
85.5,61.000007823,0.92957574
88.5,61.000007823,0.92957574
91.5,61.000007823,0.92957574
94.5,61.000007823,0.92957574
97.5,61.000007823,0.92957574
100.5,61.000007823,0.92957574
103.5,61.000007823,0.92957574
106.5,61.000007823,0.92957574
109.5,61.000007823,0.92957574
112.5,61.000007823,0.92957574
115.5,61.000007823,0.92957574
118.5,61.000007823,0.92957574
121.5,61.000007823,0.92957574
124.5,61.000007823,0.92957574
127.5,61.000007823,0.92957574
130.5,61.000007823,0.92957574
133.5,61.000007823,0.92957574
136.5,61.000007823,0.92957574
139.5,61.000007823,0.92957574
142.5,61.000007823,0.92957574
145.5,61.000007823,0.92957574
148.5,61.000007823,0.92957574
151.5,61.000007823,0.92957574
154.5,61.000007823,0.92957574
157.5,61.000007823,0.92957574
160.5,61.000007823,0.92957574
163.5,61.000007823,0.92957574
166.5,61.000007823,0.92957574
169.5,61.000007823,0.92957574
172.5,61.000007823,0.92957574
175.5,61.000007823,0.92957574
-160.5,58.000007823,1.383842E-4
-157.5,58.000007823,7.644643E-5
-154.5,58.000007823,0.006883188
-151.5,58.000007823,0.0021480597
-139.5,58.000007823,0.005494101
-136.5,58.000007823,0.0037193403
-133.5,58.000007823,0.011339795
-130.5,58.000007823,6.7244866E-4
-127.5,58.000007823,0.92957574
-124.5,58.000007823,0.92957574
-121.5,58.000007823,0.92957574
-118.5,58.000007823,0.92957574
-115.5,58.000007823,0.92957574
-112.5,58.000007823,0.92957574
-109.5,58.000007823,0.92957574
-106.5,58.000007823,0.92957574
-103.5,58.000007823,0.92957574
-100.5,58.000007823,0.92957574
-97.5,58.000007823,0.92957574
-94.5,58.000007823,0.92957574
-91.5,58.000007823,0.92957574
-88.5,58.000007823,0.92957574
-79.5,58.000007823,0.92957574
-76.5,58.000007823,0.92957574
-73.5,58.000007823,0.92957574
-70.5,58.000007823,0.92957574
-67.5,58.000007823,0.92957574
-64.5,58.000007823,0.92957574
-61.5,58.000007823,0.92957574
7.5,58.000007823,0.058800578
52.5,58.000007823,0.19634105
55.5,58.000007823,0.21773748
58.5,58.000007823,0.25555754
61.5,58.000007823,0.31059387
64.5,58.000007823,0.92957574
67.5,58.000007823,0.92957574
70.5,58.000007823,0.92957574
73.5,58.000007823,0.92957574
76.5,58.000007823,0.92957574
79.5,58.000007823,0.92957574
82.5,58.000007823,0.92957574
85.5,58.000007823,0.92957574
88.5,58.000007823,0.92957574
91.5,58.000007823,0.92957574
94.5,58.000007823,0.92957574
97.5,58.000007823,0.92957574
100.5,58.000007823,0.92957574
103.5,58.000007823,0.92957574
106.5,58.000007823,0.92957574
109.5,58.000007823,0.92957574
112.5,58.000007823,0.92957574
115.5,58.000007823,0.92957574
118.5,58.000007823,0.92957574
121.5,58.000007823,0.92957574
124.5,58.000007823,0.92957574
127.5,58.000007823,0.92957574
130.5,58.000007823,0.92957574
133.5,58.000007823,0.92957574
136.5,58.000007823,0.92957574
139.5,58.000007823,0.92957574
142.5,58.000007823,0.92957574
145.5,58.000007823,0.92957574
148.5,58.000007823,1.6568769E-26
151.5,58.000007823,4.659342E-27
154.5,58.000007823,0.92957574
157.5,58.000007823,0.92957574
160.5,58.000007823,0.92957574
163.5,58.000007823,0.018977037
-163.5,55.000007823,6.297748E-4
-160.5,55.000007823,0.0017220941
-157.5,55.000007823,0.0026188525
-133.5,55.000007823,2.2958874E-4
-130.5,55.000007823,0.0028147271
-127.5,55.000007823,2.2793804E-4
-124.5,55.000007823,0.0010873427
-121.5,55.000007823,0.0011173823
-118.5,55.000007823,0.0037403188
-115.5,55.000007823,0.0167937
-112.5,55.000007823,0.92957574
-109.5,55.000007823,0.92957574
-106.5,55.000007823,0.92957574
-103.5,55.000007823,0.92957574
-100.5,55.000007823,0.92957574
-97.5,55.000007823,0.92957574
-94.5,55.000007823,0.92957574
-91.5,55.000007823,0.92957574
-88.5,55.000007823,0.92957574
-85.5,55.000007823,0.92957574
-79.5,55.000007823,0.92957574
-76.5,55.000007823,0.92957574
-73.5,55.000007823,0.92957574
-70.5,55.000007823,0.92957574
-67.5,55.000007823,0.92957574
-64.5,55.000007823,0.92957574
-61.5,55.000007823,0.92957574
-58.5,55.000007823,0.019248247
61.5,55.000007823,0.47630528
64.5,55.000007823,0.92957574
67.5,55.000007823,0.92957574
70.5,55.000007823,0.92957574
73.5,55.000007823,0.92957574
76.5,55.000007823,0.92957574
79.5,55.000007823,0.92957574
82.5,55.000007823,0.92957574
85.5,55.000007823,0.92957574
88.5,55.000007823,0.92957574
91.5,55.000007823,0.92957574
94.5,55.000007823,0.92957574
97.5,55.000007823,0.92957574
100.5,55.000007823,0.92957574
103.5,55.000007823,0.92957574
106.5,55.000007823,0.92957574
109.5,55.000007823,0.92957574
112.5,55.000007823,0.92957574
115.5,55.000007823,0.92957574
118.5,55.000007823,0.92957574
121.5,55.000007823,0.92957574
124.5,55.000007823,0.92957574
127.5,55.000007823,0.92957574
130.5,55.000007823,0.92957574
133.5,55.000007823,0.92957574
136.5,55.000007823,0.92957574
139.5,55.000007823,0.92957574
142.5,55.000007823,0.92957574
154.5,55.000007823,0.005162955
157.5,55.000007823,0.006258527
160.5,55.000007823,0.010534233
163.5,55.000007823,0.0047251806
-127.5,52.000007823,0.0010038787
-124.5,52.000007823,2.051255E-4
-121.5,52.000007823,3.6844896E-4
-118.5,52.000007823,2.545735E-4
-91.5,52.000007823,0.92957574
-88.5,52.000007823,0.92957574
-79.5,52.000007823,0.92957574
-76.5,52.000007823,0.92957574
-73.5,52.000007823,0.92957574
-70.5,52.000007823,0.92957574
-67.5,52.000007823,0.92957574
-64.5,52.000007823,0.92957574
-61.5,52.000007823,0.92957574
-58.5,52.000007823,0.018846327
-55.5,52.000007823,0.0039083646
64.5,52.000007823,0.92957574
67.5,52.000007823,0.92957574
70.5,52.000007823,0.92957574
73.5,52.000007823,0.92957574
76.5,52.000007823,0.92957574
79.5,52.000007823,0.92957574
82.5,52.000007823,0.92957574
85.5,52.000007823,0.028046597
88.5,52.000007823,0.92957574
91.5,52.000007823,0.92957574
94.5,52.000007823,0.92957574
97.5,52.000007823,0.92957574
100.5,52.000007823,0.92957574
103.5,52.000007823,0.92957574
106.5,52.000007823,0.92957574
109.5,52.000007823,0.92957574
112.5,52.000007823,0.92957574
115.5,52.000007823,0.92957574
118.5,52.000007823,0.92957574
121.5,52.000007823,0.92957574
124.5,52.000007823,0.92957574
127.5,52.000007823,0.92957574
130.5,52.000007823,0.92957574
133.5,52.000007823,0.92957574
136.5,52.000007823,0.92957574
139.5,52.000007823,0.92957574
142.5,52.000007823,0.92957574
157.5,52.000007823,0.0014534905
160.5,52.000007823,0.0015306247
-127.5,49.000007823,3.349227E-5
-124.5,49.000007823,4.2933517E-4
-121.5,49.000007823,0.010638408
-118.5,49.000007823,3.3467918E-4
67.5,49.000007823,0.92957574
70.5,49.000007823,0.92957574
73.5,49.000007823,0.92957574
76.5,49.000007823,0.92957574
79.5,49.000007823,0.92957574
82.5,49.000007823,0.92957574
85.5,49.000007823,0.92957574
88.5,49.000007823,0.09702409
91.5,49.000007823,0.92957574
94.5,49.000007823,0.92957574
97.5,49.000007823,0.92957574
100.5,49.000007823,0.759521
103.5,49.000007823,0.92957574
106.5,49.000007823,0.92957574
109.5,49.000007823,0.92957574
112.5,49.000007823,0.92957574
115.5,49.000007823,0.92957574
118.5,49.000007823,0.92957574
121.5,49.000007823,0.92957574
124.5,49.000007823,0.92957574
127.5,49.000007823,0.92957574
130.5,49.000007823,0.92957574
133.5,49.000007823,0.92957574
136.5,49.000007823,0.92957574
139.5,49.000007823,0.92957574
142.5,49.000007823,0.92957574
145.5,49.000007823,0.053869084
-121.5,46.000007823,0.0023147669
-118.5,46.000007823,1.6326678E-4
-115.5,46.000007823,4.3802528E-4
85.5,46.000007823,0.92957574
88.5,46.000007823,0.92957574
91.5,46.000007823,0.92957574
100.5,46.000007823,0.07183714
103.5,46.000007823,0.4278598
121.5,46.000007823,0.92957574
124.5,46.000007823,0.92957574
127.5,46.000007823,0.92957574
130.5,46.000007823,0.92957574
133.5,46.000007823,0.92957574
136.5,46.000007823,0.92957574
139.5,46.000007823,0.039164875
142.5,46.000007823,0.013681515
-121.5,43.000007823,0.014143286
-118.5,43.000007823,5.4509763E-4
-115.5,43.000007823,0.0011409947
-112.5,43.000007823,0.0021243333
-121.5,40.000007823,0.0014134863
-115.5,40.000007823,0.0010244972
-1.5,40.000007823,5.117548E-4
-10.5,16.000007823,8.773047E-5
-100.5,28.000007823,9.1948616E-4
-100.5,49.000007823,0.34785017
-103.5,49.000007823,0.06334811
-103.5,76.000007823,0.17836028
-106.5,34.000007823,2.5536794E-5
-115.5,52.000007823,0.0012812051
-115.5,79.000007823,0.36137605
-124.5,43.000007823,1.19523516E-4
-13.5,13.000007823,2.8188808E-5
-13.5,7.000007823,4.316876E-6
-130.5,52.000007823,3.9571853E-5
-154.5,19.000007823,5.3261724E-6
-157.5,1.000007823,2.514777E-6
-16.5,82.000007823,0.011359142
-160.5,-19.999992177,4.9697605E-6
-169.5,-19.999992177,4.9954606E-6
-172.5,-13.999992177,2.7152605E-6
-172.5,-19.999992177,4.890781E-6
-175.5,52.000007823,1.09876615E-4
-19.5,67.000007823,8.577009E-4
-19.5,73.000007823,0.044422895
-28.5,-19.999992177,1.2963098E-6
-28.5,70.000007823,0.42655525
-28.5,82.000007823,0.11041138
-34.5,-55.999992177,1.3432988E-4
-34.5,-7.999992177,5.248631E-6
-37.5,-4.999992177,4.5093334E-6
-37.5,-7.999992177,7.3960337E-6
-4.5,19.000007823,0.0
-4.5,34.000007823,6.6016096E-4
-4.5,46.000007823,4.486775E-5
-40.5,-13.999992177,6.60666E-6
-43.5,-16.999992177,1.2488642E-5
-43.5,73.000007823,1.8722407E-26
-46.5,67.000007823,0.44260123
-46.5,70.000007823,9.48646E-28
-49.5,-31.999992177,3.216718E-5
-49.5,73.000007823,1.6748153E-27
-49.5,82.000007823,5.160531E-29
-52.5,76.000007823,3.7715557E-26
-52.5,82.000007823,5.830082E-29
-55.5,4.000007823,3.959459E-6
-58.5,-13.999992177,9.147812E-6
-58.5,-52.999992177,1.337203E-5
-61.5,-40.999992177,1.9665029E-4
-64.5,-22.999992177,1.1537437E-4
-64.5,-25.999992177,1.4224276E-4
-67.5,-19.999992177,2.3461993E-8
-67.5,-55.999992177,7.0208225E-5
-70.5,-52.999992177,9.251658E-5
-73.5,-34.999992177,4.8970458E-5
-73.5,-52.999992177,1.4137037E-5
-73.5,22.000007823,8.016094E-6
-76.5,19.000007823,6.539071E-6
-76.5,25.000007823,1.2451002E-5
-79.5,-10.999992177,0.0
-79.5,46.000007823,0.006514713
-79.5,67.000007823,1.531972E-29
-85.5,49.000007823,0.02442536
-88.5,43.000007823,0.0034325286
-91.5,49.000007823,0.07026599
-91.5,61.000007823,0.80672354
-91.5,76.000007823,0.11041714
-94.5,34.000007823,2.141329E-5
-94.5,37.000007823,6.903323E-5
-94.5,40.000007823,0.0042450046
-94.5,46.000007823,0.052436188
-94.5,76.000007823,0.08234775
-97.5,25.000007823,1.7512174E-4
-97.5,28.000007823,5.005175E-4
-97.5,31.000007823,9.955578E-6
-97.5,73.000007823,0.14123417
-97.5,76.000007823,0.09673188
10.5,1.000007823,4.451837E-6
10.5,28.000007823,0.0
10.5,49.000007823,0.0022247937
10.5,55.000007823,9.6711464E-4
100.5,13.000007823,7.903835E-6
100.5,16.000007823,1.7447173E-5
100.5,22.000007823,4.979405E-5
100.5,4.000007823,3.3297808E-6
103.5,13.000007823,8.297073E-6
103.5,28.000007823,2.7056367E-4
106.5,22.000007823,9.2765986E-5
109.5,16.000007823,1.4348408E-5
109.5,28.000007823,7.3130063E-6
109.5,31.000007823,6.45541E-6
112.5,-1.999992177,3.0387098E-6
112.5,34.000007823,2.5079507E-4
118.5,-19.999992177,1.7464261E-4
118.5,-7.999992177,4.310019E-6
118.5,28.000007823,5.6475205E-6
118.5,31.000007823,4.7727572E-4
121.5,16.000007823,5.904057E-6
124.5,-13.999992177,1.089447E-5
124.5,13.000007823,4.2165802E-6
124.5,37.000007823,0.010066009
13.5,-10.999992177,9.541963E-6
13.5,31.000007823,0.0
13.5,79.000007823,0.0013480921
130.5,-13.999992177,3.0446821E-5
130.5,31.000007823,4.909015E-4
133.5,4.000007823,2.7871422E-6
136.5,-25.999992177,3.72462E-7
142.5,-10.999992177,5.4573597E-6
142.5,-7.999992177,4.2909405E-6
145.5,-43.999992177,1.5684498E-5
148.5,-1.999992177,2.5927939E-6
148.5,-19.999992177,4.3159464E-5
148.5,-37.999992177,6.145529E-5
148.5,7.000007823,2.41253E-6
148.5,76.000007823,0.5503664
151.5,-31.999992177,1.2239674E-4
154.5,-1.999992177,2.5224106E-6
16.5,25.000007823,0.0
16.5,49.000007823,4.8445803E-5
16.5,76.000007823,0.09359629
169.5,-19.999992177,7.870028E-6
172.5,7.000007823,2.2757697E-6
178.5,61.000007823,0.5444646
19.5,-1.999992177,3.4387335E-6
19.5,-10.999992177,1.5462285E-5
19.5,10.000007823,2.5091236E-5
19.5,31.000007823,8.098026E-8
22.5,-16.999992177,8.7126595E-5
22.5,-31.999992177,1.1047657E-7
22.5,-7.999992177,5.649035E-6
22.5,4.000007823,4.8708544E-6
22.5,7.000007823,1.2200741E-5
25.5,-22.999992177,1.6932357E-4
25.5,-34.999992177,1.788098E-5
25.5,19.000007823,0.0
25.5,37.000007823,1.4119942E-4
25.5,7.000007823,1.0036716E-5
28.5,52.000007823,4.2314688E-4
28.5,58.000007823,0.008849161
28.5,79.000007823,0.057282273
31.5,13.000007823,3.4058372E-5
31.5,19.000007823,0.0
31.5,22.000007823,0.0
31.5,25.000007823,0.0
31.5,37.000007823,5.473009E-6
31.5,58.000007823,0.014819131
34.5,-1.999992177,5.4481775E-6
34.5,1.000007823,5.758874E-6
37.5,4.000007823,7.467283E-6
37.5,58.000007823,0.036017183
4.5,13.000007823,3.8976093E-5
4.5,25.000007823,0.0
4.5,31.000007823,0.0
4.5,34.000007823,5.5316813E-9
4.5,4.000007823,4.2579886E-6
4.5,49.000007823,2.3365281E-4
40.5,-4.999992177,6.584349E-6
40.5,10.000007823,1.6265829E-5
40.5,13.000007823,1.9831345E-5
40.5,25.000007823,0.0
40.5,28.000007823,0.0
43.5,-1.999992177,4.4410394E-6
43.5,-22.999992177,3.1747088E-5
43.5,52.000007823,0.13254534
46.5,13.000007823,0.0
46.5,22.000007823,0.0
46.5,25.000007823,3.5938066E-10
46.5,82.000007823,0.0104573285
49.5,-13.999992177,8.838803E-6
49.5,37.000007823,1.640839E-5
49.5,40.000007823,1.1666861E-5
49.5,55.000007823,0.20782192
52.5,-10.999992177,4.437665E-6
52.5,13.000007823,0.0
52.5,28.000007823,2.060716E-9
52.5,52.000007823,0.5407025
52.5,55.000007823,0.29084963
52.5,79.000007823,0.026405865
52.5,82.000007823,0.023103949
55.5,37.000007823,1.1779104E-8
58.5,28.000007823,0.0
61.5,40.000007823,4.3427573E-8
61.5,76.000007823,0.16063373
67.5,46.000007823,0.025921075
7.5,7.000007823,6.7294905E-6
76.5,16.000007823,2.475593E-5
76.5,40.000007823,3.51862E-6
76.5,7.000007823,5.051247E-6
79.5,16.000007823,3.9669045E-5
79.5,31.000007823,0.01223304
82.5,43.000007823,6.9830608E-6
82.5,46.000007823,0.09121835
85.5,43.000007823,4.6851505E-6
88.5,22.000007823,6.2859326E-5
91.5,13.000007823,3.6290182E-6
94.5,13.000007823,3.654733E-6
94.5,16.000007823,9.250234E-6
94.5,19.000007823,2.828938E-5
94.5,25.000007823,6.033736E-5
97.5,34.000007823,3.7660915E-4
97.5,46.000007823,0.16769837
