species,X,Y,bio3,bio4,bio7,bio11,bio12
GuloGulo_PA4_RUN2,-91.5,82.000007823,12.230770111084,15473.69140625,478.615356445312,-385.307708740234,87.5384902954102
GuloGulo_PA4_RUN2,-85.5,82.000007823,11.2499990463257,16186.333984375,489.541687011719,-396.625,103.749954223633
GuloGulo_PA4_RUN2,-82.5,82.000007823,11.1111106872559,15788.0380859375,478.851867675781,-396.111114501953,131.666580200195
GuloGulo_PA4_RUN2,-76.5,82.000007823,11.7187538146973,14720.6572265625,450.406280517578,-380.09375,162.124984741211
GuloGulo_PA4_RUN2,-73.5,82.000007823,12.2222194671631,14136.556640625,433.777801513672,-369.472259521484,179.694427490234
GuloGulo_PA4_RUN2,-67.5,82.000007823,13.79310131073,13105.552734375,412.103454589844,-332.586273193359,159.6552734375
GuloGulo_PA4_RUN2,-64.5,82.000007823,14.5925951004028,13011.1484375,417.074066162109,-324.148132324219,156.296234130859
GuloGulo_PA4_RUN2,-61.5,82.000007823,14.7368421554565,12758.474609375,415.736846923828,-314.684234619141,160.473739624023
GuloGulo_PA4_RUN2,-88.5,79.000007823,11.9000015258789,15439.298828125,476.066650390625,-376.399993896484,120.466651916504
GuloGulo_PA4_RUN2,-85.5,79.000007823,12.1764755249023,15548.3525390625,478.794128417969,-367.088165283203,103.82332611084
GuloGulo_PA4_RUN2,-79.5,79.000007823,11.5277767181396,14865.2236328125,458.388916015625,-379.583374023438,198.94450378418
GuloGulo_PA4_RUN2,-76.5,79.000007823,12.5142869949341,14261.5439453125,442.942901611328,-358.657165527344,180
GuloGulo_PA4_RUN2,-73.5,79.000007823,13.5263175964355,13539.1591796875,421.579010009766,-337.842132568359,161.526306152344
GuloGulo_PA4_RUN2,-70.5,79.000007823,14.9600019454956,12438.041015625,391.120025634766,-301.439971923828,145.159866333008
GuloGulo_PA4_RUN2,-118.5,76.000007823,11.5454530715942,14185.5908203125,446,-347.727264404297,94.0454483032227
GuloGulo_PA4_RUN2,-82.5,76.000007823,12.5277786254883,14278.138671875,452.722229003906,-345.583343505859,190.361068725586
GuloGulo_PA4_RUN2,91.5,76.000007823,17,13364.060546875,452.249938964844,-295.937408447266,243.812423706055
GuloGulo_PA4_RUN2,94.5,76.000007823,17,13618.248046875,462.041625976562,-302.624969482422,243.833312988281
GuloGulo_PA4_RUN2,97.5,76.000007823,17.1153888702393,13738.615234375,466.692291259766,-304.346160888672,243.192321777344
GuloGulo_PA4_RUN2,100.5,76.000007823,17.4285678863525,13652.857421875,463.214294433594,-304.357116699219,250.785614013672
GuloGulo_PA4_RUN2,103.5,76.000007823,18.0555534362793,13194.1943359375,445.972229003906,-302.694427490234,252.555587768555
GuloGulo_PA4_RUN2,106.5,76.000007823,17.4285869598389,13638.052734375,458.942718505859,-312.714172363281,244.514297485352
GuloGulo_PA4_RUN2,109.5,76.000007823,16.1000099182129,14669.794921875,490.799865722656,-333.233306884766,235.366882324219
GuloGulo_PA4_RUN2,112.5,76.000007823,15.2608652114868,15488.34375,515.043334960938,-337.521728515625,199.739379882812
GuloGulo_PA4_RUN2,-124.5,73.000007823,12.6785707473755,13255.5361328125,420.25,-300.5,114.678535461426
GuloGulo_PA4_RUN2,-121.5,73.000007823,12.7777767181396,13253.8330078125,425.708312988281,-307.777770996094,125.513877868652
GuloGulo_PA4_RUN2,-118.5,73.000007823,12.5454568862915,13690.5146484375,442.51513671875,-318.030303955078,129.242431640625
GuloGulo_PA4_RUN2,-115.5,73.000007823,13.1111097335815,13871.5185546875,447.629638671875,-323.037048339844,123.629653930664
GuloGulo_PA4_RUN2,-112.5,73.000007823,12.8260869979858,14028.478515625,447.739135742188,-329.913055419922,102.521743774414
GuloGulo_PA4_RUN2,-106.5,73.000007823,13,14296.2587890625,456.962951660156,-328.777770996094,80.814811706543
GuloGulo_PA4_RUN2,-85.5,73.000007823,14.7000007629395,13293.8681640625,435.800018310547,-301.600006103516,160.499877929688
GuloGulo_PA4_RUN2,-82.5,73.000007823,13.4642896652222,13373.0703125,439.499969482422,-313.107086181641,216.107009887695
GuloGulo_PA4_RUN2,-76.5,73.000007823,13.8947343826294,13816.94921875,447.947418212891,-326.894805908203,228.421173095703
GuloGulo_PA4_RUN2,-73.5,73.000007823,14.9999933242798,13027.001953125,428.000030517578,-295.800140380859,195.400314331055
GuloGulo_PA4_RUN2,67.5,73.000007823,19,11104.9990234375,385.333312988281,-224,227.666610717773
GuloGulo_PA4_RUN2,79.5,73.000007823,16,12144.056640625,399.2646484375,-252.529373168945,348.117462158203
GuloGulo_PA4_RUN2,82.5,73.000007823,16,12614.330078125,417.958190917969,-263.249969482422,351.416748046875
GuloGulo_PA4_RUN2,85.5,73.000007823,16.2571411132812,13147.99609375,441.885559082031,-270.999969482422,305.000091552734
GuloGulo_PA4_RUN2,88.5,73.000007823,16.6944446563721,13705.69140625,466.416534423828,-280.694396972656,297.416625976562
GuloGulo_PA4_RUN2,91.5,73.000007823,17,14132.9423828125,484.722137451172,-291.694366455078,300.638824462891
GuloGulo_PA4_RUN2,94.5,73.000007823,17,14551.8310546875,500.555450439453,-302.249938964844,301.944396972656
GuloGulo_PA4_RUN2,97.5,73.000007823,17,14951.275390625,514.305480957031,-309.97216796875,288.249938964844
GuloGulo_PA4_RUN2,100.5,73.000007823,16.6944408416748,15322.8310546875,526.111022949219,-313.555511474609,273.555541992188
GuloGulo_PA4_RUN2,103.5,73.000007823,16.3888835906982,15463.6943359375,529.277770996094,-316.638854980469,267.194458007812
GuloGulo_PA4_RUN2,106.5,73.000007823,16.294116973877,15523.8515625,528.588195800781,-321.235260009766,252.500061035156
GuloGulo_PA4_RUN2,109.5,73.000007823,15.5000085830688,16073.1435546875,542.382263183594,-328.2646484375,234.941253662109
GuloGulo_PA4_RUN2,112.5,73.000007823,14.7353019714355,16737.673828125,558.705810546875,-339.823486328125,218.117767333984
GuloGulo_PA4_RUN2,115.5,73.000007823,14.0000038146973,17438.3828125,576.884582519531,-353.269165039062,202.961563110352
GuloGulo_PA4_RUN2,118.5,73.000007823,14,17767.65234375,584.0869140625,-361.130432128906,195.130447387695
GuloGulo_PA4_RUN2,121.5,73.000007823,14,17974.720703125,588,-366.722198486328,222.333129882812
GuloGulo_PA4_RUN2,124.5,73.000007823,14.517237663269,17965.89453125,585.551696777344,-370.137878417969,252.275634765625
GuloGulo_PA4_RUN2,127.5,73.000007823,15.2083301544189,18298.58203125,593.833312988281,-376.625,251.292007446289
GuloGulo_PA4_RUN2,139.5,73.000007823,20.4285717010498,14729.431640625,486.214385986328,-324.642913818359,128.785705566406
GuloGulo_PA4_RUN2,142.5,73.000007823,20.5000076293945,13955.0927734375,462.321563720703,-312.357238769531,124.964294433594
GuloGulo_PA4_RUN2,145.5,73.000007823,17.8333778381348,14787.078125,482.499877929688,-317.749938964844,151.833190917969
GuloGulo_PA4_RUN2,148.5,73.000007823,15.8181734085083,15634.9951171875,504.908935546875,-326.545379638672,169.000015258789
GuloGulo_PA4_RUN2,-178.5,70.000007823,16.9166679382324,11046.1669921875,363.25,-253.83332824707,203.999969482422
GuloGulo_PA4_RUN2,-166.5,70.000007823,16,11263,375,-223.333343505859,219.999984741211
GuloGulo_PA4_RUN2,-163.5,70.000007823,15.9166669845581,11767.9169921875,386.75,-228.583343505859,184.499984741211
GuloGulo_PA4_RUN2,-160.5,70.000007823,16.1153831481934,12106.73046875,395.115386962891,-243.038452148438,170.230728149414
GuloGulo_PA4_RUN2,-157.5,70.000007823,16.6874980926514,12522.0615234375,412.374969482422,-259,164.937454223633
GuloGulo_PA4_RUN2,-154.5,70.000007823,17.6129035949707,14200.7080078125,487.935424804688,-291.838684082031,169.128982543945
GuloGulo_PA4_RUN2,-142.5,70.000007823,17.8333320617676,13096.6103515625,440.611083984375,-290.666656494141,148.555526733398
GuloGulo_PA4_RUN2,-139.5,70.000007823,18.3333320617676,13663.6650390625,465.666625976562,-277.083343505859,183.499938964844
GuloGulo_PA4_RUN2,-130.5,70.000007823,15.2631559371948,14420.841796875,469.526306152344,-275.526306152344,146.947326660156
GuloGulo_PA4_RUN2,-127.5,70.000007823,15.3684206008911,14051.89453125,454.684204101562,-278.578948974609,151.578887939453
GuloGulo_PA4_RUN2,-121.5,70.000007823,15.1904754638672,12937.3330078125,425.476196289062,-278.666656494141,179.952346801758
GuloGulo_PA4_RUN2,-118.5,70.000007823,15.5333299636841,13589.265625,451.466644287109,-286.199981689453,179
GuloGulo_PA4_RUN2,-115.5,70.000007823,15.5294132232666,13810.2060546875,450.823547363281,-301.058837890625,162.588256835938
GuloGulo_PA4_RUN2,-109.5,70.000007823,13.6666660308838,14601.666015625,470.861083984375,-318.555572509766,108.805549621582
GuloGulo_PA4_RUN2,-106.5,70.000007823,13.3611106872559,14856.138671875,479.388885498047,-323.666656494141,115.555526733398
GuloGulo_PA4_RUN2,-100.5,70.000007823,14.7499961853027,14611.25,474.75,-328.625,104.624992370605
GuloGulo_PA4_RUN2,-94.5,70.000007823,14.4285726547241,15027.427734375,492.414276123047,-340.214294433594,147.85710144043
GuloGulo_PA4_RUN2,-91.5,70.000007823,14.3181781768799,14768.615234375,485.500030517578,-325.95458984375,163.477264404297
GuloGulo_PA4_RUN2,-85.5,70.000007823,14.7931022644043,13173.896484375,439.72412109375,-293.758605957031,176.999877929688
GuloGulo_PA4_RUN2,-79.5,70.000007823,14.7142877578735,13285.607421875,438.392883300781,-300.214294433594,190.000045776367
GuloGulo_PA4_RUN2,-76.5,70.000007823,14.4999990463257,13187.2509765625,434.906280517578,-296.812530517578,205.593704223633
GuloGulo_PA4_RUN2,-73.5,70.000007823,14.8055543899536,12703.779296875,423.000030517578,-290.388916015625,241.277694702148
GuloGulo_PA4_RUN2,-70.5,70.000007823,16.1562442779541,12135.3447265625,407.125030517578,-282.656311035156,262.562561035156
GuloGulo_PA4_RUN2,-67.5,70.000007823,16.7333354949951,11655.7353515625,389.333404541016,-265.933441162109,247.400268554688
GuloGulo_PA4_RUN2,19.5,70.000007823,23.7391338348389,6881.64306640625,262.173583984375,-90.4344329833984,705.131225585938
GuloGulo_PA4_RUN2,22.5,70.000007823,23.071418762207,8962.6015625,343.428344726562,-139.178497314453,565.428649902344
GuloGulo_PA4_RUN2,25.5,70.000007823,24.0322551727295,9202.1640625,358.613006591797,-140.548492431641,487.774780273438
GuloGulo_PA4_RUN2,28.5,70.000007823,25.0333499908447,7166.23876953125,281.700225830078,-90.3001098632812,473.132995605469
GuloGulo_PA4_RUN2,34.5,70.000007823,19.9999942779541,7960.66796875,300.833343505859,-104.499984741211,494.416748046875
GuloGulo_PA4_RUN2,37.5,70.000007823,21.25,7700.25048828125,296.75,-102.000053405762,478.000335693359
GuloGulo_PA4_RUN2,61.5,70.000007823,19.7058868408203,11551.703125,433.411712646484,-207.882278442383,350.352935791016
GuloGulo_PA4_RUN2,67.5,70.000007823,18.1200065612793,11842.3583984375,416.480010986328,-223.679946899414,263.519927978516
GuloGulo_PA4_RUN2,70.5,70.000007823,17.5000019073486,11992.248046875,411.888885498047,-234.97216796875,288.777618408203
GuloGulo_PA4_RUN2,76.5,70.000007823,16.0277786254883,12599.38671875,422.805511474609,-249.5,365.610931396484
GuloGulo_PA4_RUN2,79.5,70.000007823,16,12981.5537109375,436.222137451172,-252.305541992188,401.055450439453
GuloGulo_PA4_RUN2,82.5,70.000007823,16,13524.7744140625,458.694305419922,-258.583282470703,406.499938964844
GuloGulo_PA4_RUN2,94.5,70.000007823,17,15426.5517578125,536.6943359375,-324.305541992188,435.500244140625
GuloGulo_PA4_RUN2,97.5,70.000007823,17,16076.830078125,558.1943359375,-335.555511474609,383.666900634766
GuloGulo_PA4_RUN2,100.5,70.000007823,16.7777843475342,16698.025390625,578.527709960938,-338.333312988281,310.527984619141
GuloGulo_PA4_RUN2,103.5,70.000007823,16.555549621582,16951.138671875,585.25,-338.777770996094,274.527801513672
GuloGulo_PA4_RUN2,106.5,70.000007823,16.1944446563721,16939.83203125,581.277770996094,-345.888854980469,294.972106933594
GuloGulo_PA4_RUN2,112.5,70.000007823,14.1666698455811,18003.384765625,602.249938964844,-351.388824462891,272.583435058594
GuloGulo_PA4_RUN2,118.5,70.000007823,14,18626.47265625,612.5,-370.305511474609,240.055419921875
GuloGulo_PA4_RUN2,121.5,70.000007823,13.8333311080933,18668.361328125,610.388854980469,-372.027770996094,265.666381835938
GuloGulo_PA4_RUN2,124.5,70.000007823,13.9444417953491,18863.580078125,613.999938964844,-374.166625976562,306.583129882812
GuloGulo_PA4_RUN2,136.5,70.000007823,17.9444313049316,18965.08984375,611.944641113281,-393.333435058594,232.833358764648
GuloGulo_PA4_RUN2,142.5,70.000007823,18.8055572509766,16812.029296875,545.777893066406,-353.194488525391,178.888763427734
GuloGulo_PA4_RUN2,148.5,70.000007823,15.194450378418,16981.99609375,548.583190917969,-340.138854980469,208.77783203125
GuloGulo_PA4_RUN2,151.5,70.000007823,16.1470527648926,17281.46875,560.205810546875,-345.970550537109,188.853042602539
GuloGulo_PA4_RUN2,154.5,70.000007823,17.1666641235352,17207.236328125,560.466735839844,-345.833374023438,167.266784667969
GuloGulo_PA4_RUN2,160.5,70.000007823,19.9047412872314,15099.3203125,499.881225585938,-315.714447021484,142.762023925781
GuloGulo_PA4_RUN2,163.5,70.000007823,20.8666534423828,14348.462890625,480.133239746094,-312.199920654297,162.99983215332
GuloGulo_PA4_RUN2,166.5,70.000007823,19.307710647583,15728.837890625,519.692077636719,-330.230651855469,177.307571411133
GuloGulo_PA4_RUN2,169.5,70.000007823,19,16094.3095703125,530.769287109375,-321.076995849609,160.153869628906
GuloGulo_PA4_RUN2,172.5,70.000007823,18.8333396911621,14976.28515625,500.389099121094,-308.500122070312,182.944351196289
GuloGulo_PA4_RUN2,175.5,70.000007823,17.7222347259521,13675.73046875,458.444702148438,-295.944213867188,203.721542358398
GuloGulo_PA4_RUN2,178.5,70.000007823,17,12275.0703125,409.687774658203,-278.812652587891,213.437225341797
GuloGulo_PA4_RUN2,-175.5,67.000007823,17.7199993133545,9912.400390625,338.119995117188,-196.320007324219,413.039916992188
GuloGulo_PA4_RUN2,-172.5,67.000007823,17.9999980926514,9569.1767578125,326.529418945312,-189.294128417969,361.411682128906
GuloGulo_PA4_RUN2,-169.5,67.000007823,17.25,9818.25,332.75,-198.000015258789,327
GuloGulo_PA4_RUN2,-163.5,67.000007823,17.7407398223877,11362.6669921875,377.851867675781,-199.370376586914,263.296234130859
GuloGulo_PA4_RUN2,-157.5,67.000007823,18.6388874053955,13420.83203125,444.694396972656,-247.777770996094,276.944396972656
GuloGulo_PA4_RUN2,-154.5,67.000007823,20.6666660308838,14701.52734375,507.666625976562,-281.75,339.888793945312
GuloGulo_PA4_RUN2,-148.5,67.000007823,22.5277786254883,14636.1943359375,515.083312988281,-261.583343505859,267.25
GuloGulo_PA4_RUN2,-142.5,67.000007823,20.4444427490234,14990.27734375,517.666625976562,-274.166687011719,191.611068725586
GuloGulo_PA4_RUN2,-133.5,67.000007823,18.3888874053955,15354.0556640625,527.222229003906,-266.166656494141,289.777770996094
GuloGulo_PA4_RUN2,-130.5,67.000007823,18.0833320617676,15504.77734375,527.611083984375,-276.027770996094,250.777740478516
GuloGulo_PA4_RUN2,-124.5,67.000007823,16.75,14564.1669921875,481.444427490234,-271.777770996094,246.083297729492
GuloGulo_PA4_RUN2,-121.5,67.000007823,16.3055553436279,14022.8056640625,468.611083984375,-265.277770996094,232.694442749023
GuloGulo_PA4_RUN2,-118.5,67.000007823,16.1111125946045,14093.8046875,471.583312988281,-266.222229003906,228.666656494141
GuloGulo_PA4_RUN2,-115.5,67.000007823,16.5555553436279,14310.9716796875,477.694427490234,-277.416656494141,242.777770996094
GuloGulo_PA4_RUN2,-112.5,67.000007823,15.7222242355347,14499.9296875,476.208312988281,-297.152740478516,196.972213745117
GuloGulo_PA4_RUN2,-106.5,67.000007823,14.5555562973022,15269.111328125,502.444458007812,-313.166656494141,169.027755737305
GuloGulo_PA4_RUN2,-103.5,67.000007823,14.7187490463257,15172.78125,497.78125,-318.28125,162.21875
GuloGulo_PA4_RUN2,-100.5,67.000007823,15.3030281066895,15225.60546875,502.454498291016,-327.424224853516,150.545425415039
GuloGulo_PA4_RUN2,-97.5,67.000007823,16,15661.666015625,522.333312988281,-338.5,162.388824462891
GuloGulo_PA4_RUN2,-88.5,67.000007823,14.794114112854,13950.765625,467.882385253906,-304.647094726562,214.441223144531
GuloGulo_PA4_RUN2,-73.5,67.000007823,15.9583301544189,12110.3759765625,415.333343505859,-255.375015258789,239.499969482422
GuloGulo_PA4_RUN2,-67.5,67.000007823,15.1176481246948,11429.3837890625,383.882415771484,-261.235321044922,326.088195800781
GuloGulo_PA4_RUN2,-64.5,67.000007823,14.7586193084717,10803.5869140625,361.724151611328,-255.758666992188,391.137847900391
GuloGulo_PA4_RUN2,-61.5,67.000007823,18.5555419921875,10540.8916015625,362.444488525391,-234.889007568359,506.55517578125
GuloGulo_PA4_RUN2,16.5,67.000007823,25.5000171661377,7044.4912109375,273.777404785156,-89.3885879516602,902.195861816406
GuloGulo_PA4_RUN2,19.5,67.000007823,23.3888912200928,9175.1611328125,352.860900878906,-130.999908447266,523.611511230469
GuloGulo_PA4_RUN2,22.5,67.000007823,22.4722213745117,9819.388671875,373.527770996094,-130.972244262695,485.277679443359
GuloGulo_PA4_RUN2,28.5,67.000007823,22.8888931274414,9390.8916015625,358.416778564453,-126.833404541016,532.583190917969
GuloGulo_PA4_RUN2,31.5,67.000007823,21.5555610656738,9165.470703125,348.305511474609,-123.305534362793,546.416625976562
GuloGulo_PA4_RUN2,34.5,67.000007823,20.8787822723389,8661.5791015625,330.030426025391,-113.515213012695,498.333770751953
GuloGulo_PA4_RUN2,37.5,67.000007823,21.1666603088379,8292.9326171875,319.666625976562,-108.966674804688,479.999969482422
GuloGulo_PA4_RUN2,43.5,67.000007823,23.9523887634277,8271.4248046875,337.523681640625,-109.618949890137,485.809387207031
GuloGulo_PA4_RUN2,49.5,67.000007823,20.6451740264893,10144.99609375,400.838623046875,-151.580581665039,474.387054443359
GuloGulo_PA4_RUN2,55.5,67.000007823,19.3888874053955,11109.5263671875,425.22216796875,-175.138854980469,485
GuloGulo_PA4_RUN2,58.5,67.000007823,19.8888893127441,11487.63671875,442.249938964844,-188.166610717773,466.388977050781
GuloGulo_PA4_RUN2,61.5,67.000007823,19.694450378418,12028.94140625,455.666625976562,-207.222152709961,453.27783203125
GuloGulo_PA4_RUN2,70.5,67.000007823,17,12924.1103515625,448.388916015625,-230.694412231445,392.833343505859
GuloGulo_PA4_RUN2,73.5,67.000007823,16.5555572509766,13146.9990234375,450.925903320312,-240.148101806641,411.518371582031
GuloGulo_PA4_RUN2,79.5,67.000007823,16.4722194671631,13819.9150390625,477.888824462891,-245.722213745117,468.555419921875
GuloGulo_PA4_RUN2,82.5,67.000007823,16.8055534362793,14129.025390625,493.305480957031,-248.999984741211,482.388793945312
GuloGulo_PA4_RUN2,85.5,67.000007823,16.9999980926514,14606.8310546875,514.777709960938,-255.055541992188,500.083221435547
GuloGulo_PA4_RUN2,88.5,67.000007823,17.2777805328369,14957.83203125,530.861022949219,-267.555480957031,520.527709960938
GuloGulo_PA4_RUN2,91.5,67.000007823,17.3888854980469,15407.2470703125,545.138793945312,-292.611083984375,519.555786132812
GuloGulo_PA4_RUN2,94.5,67.000007823,17.1388931274414,16048.2177734375,563.972106933594,-324.22216796875,512.333679199219
GuloGulo_PA4_RUN2,97.5,67.000007823,17.2222213745117,16920.71875,591.694274902344,-344.277679443359,452.194763183594
GuloGulo_PA4_RUN2,103.5,67.000007823,17.9444370269775,17732.16796875,619.138916015625,-346.305572509766,301.916625976562
GuloGulo_PA4_RUN2,106.5,67.000007823,17.3611164093018,17711.138671875,614.333374023438,-345.194396972656,309.527648925781
GuloGulo_PA4_RUN2,112.5,67.000007823,14.9444494247437,18929.994140625,635.472106933594,-367.083160400391,316.055603027344
GuloGulo_PA4_RUN2,118.5,67.000007823,14.5833358764648,19311.52734375,637.972229003906,-372.416717529297,277.500061035156
GuloGulo_PA4_RUN2,121.5,67.000007823,13.7500019073486,19479.63671875,636.666625976562,-369.52783203125,280.5
GuloGulo_PA4_RUN2,130.5,67.000007823,15.1666584014893,21636.91015625,691.749816894531,-447.722259521484,306.389556884766
GuloGulo_PA4_RUN2,145.5,67.000007823,17.0555667877197,19071.94921875,613.389038085938,-387.389068603516,251.13899230957
GuloGulo_PA4_RUN2,151.5,67.000007823,16.5833358764648,18747.470703125,605.805480957031,-354.277770996094,233.638916015625
GuloGulo_PA4_RUN2,154.5,67.000007823,17,18453.947265625,598.972290039062,-357.833374023438,223.444488525391
GuloGulo_PA4_RUN2,157.5,67.000007823,17.1388893127441,17889.474609375,581.888977050781,-349.694488525391,228.805404663086
GuloGulo_PA4_RUN2,166.5,67.000007823,18.9444484710693,16203.91015625,533.360900878906,-334.444305419922,273.610748291016
GuloGulo_PA4_RUN2,169.5,67.000007823,19.1388759613037,16312.228515625,542.583435058594,-326.88916015625,285.861206054688
GuloGulo_PA4_RUN2,172.5,67.000007823,19.25,14804.759765625,500.472534179688,-291.972442626953,270.166809082031
GuloGulo_PA4_RUN2,-178.5,64.000007823,17.3999996185303,10520,359.399993896484,-193.400009155273,414.599975585938
GuloGulo_PA4_RUN2,-175.5,64.000007823,18.4444427490234,9287.4453125,321.333343505859,-171.666687011719,527.555480957031
GuloGulo_PA4_RUN2,-172.5,64.000007823,19.3749980926514,8764.9375,303.6875,-157.062530517578,506.687438964844
GuloGulo_PA4_RUN2,-166.5,64.000007823,20.5555515289307,9849.5556640625,340.777770996094,-161.333374023438,403.777770996094
GuloGulo_PA4_RUN2,-160.5,64.000007823,20.8181800842285,11547.302734375,388.575744628906,-184.454544067383,372.454528808594
GuloGulo_PA4_RUN2,-157.5,64.000007823,20.2499980926514,13281.9443359375,449.555541992188,-211.555572509766,388.944366455078
GuloGulo_PA4_RUN2,-154.5,64.000007823,21.8888874053955,13734.1123046875,476.944488525391,-221.027816772461,396.694458007812
GuloGulo_PA4_RUN2,-151.5,64.000007823,22.5833320617676,12763.947265625,451.000061035156,-203.36116027832,416.360961914062
GuloGulo_PA4_RUN2,-148.5,64.000007823,23.4722213745117,12487.556640625,446.000030517578,-200.750015258789,367.861145019531
GuloGulo_PA4_RUN2,-145.5,64.000007823,23.7499961853027,13585.5283203125,491.027770996094,-226.833358764648,272.861114501953
GuloGulo_PA4_RUN2,-142.5,64.000007823,23.8611087799072,14500.5,529.805541992188,-253.305541992188,245.916610717773
GuloGulo_PA4_RUN2,-136.5,64.000007823,22.277774810791,13470.861328125,504.861083984375,-234.638885498047,307.666717529297
GuloGulo_PA4_RUN2,-133.5,64.000007823,23.0555534362793,13135.390625,497.444488525391,-235.527786254883,334.249969482422
GuloGulo_PA4_RUN2,-130.5,64.000007823,22.7222194671631,13600.77734375,502.694427490234,-258.250030517578,381.222106933594
GuloGulo_PA4_RUN2,-124.5,64.000007823,18.1944465637207,15283.9169921875,521.527770996094,-260.833343505859,355.611114501953
GuloGulo_PA4_RUN2,-121.5,64.000007823,17.6666660308838,15282.388671875,522.444458007812,-258.25,302.277770996094
GuloGulo_PA4_RUN2,-118.5,64.000007823,17.5,15187.3330078125,524.499938964844,-260.027770996094,276.833312988281
GuloGulo_PA4_RUN2,-115.5,64.000007823,17.1944446563721,15508.52734375,535.194458007812,-270.305541992188,266.638885498047
GuloGulo_PA4_RUN2,-112.5,64.000007823,16.6111106872559,15101.6669921875,514.277770996094,-280.972229003906,273.277770996094
GuloGulo_PA4_RUN2,-109.5,64.000007823,16.25,15254.3603515625,517.777770996094,-291.888885498047,261.472229003906
GuloGulo_PA4_RUN2,-106.5,64.000007823,15.8055553436279,15356.25,520.555541992188,-297.916656494141,248.249954223633
GuloGulo_PA4_RUN2,-103.5,64.000007823,15.722222328186,15443.3046875,522.222229003906,-304.083343505859,231.000015258789
GuloGulo_PA4_RUN2,-97.5,64.000007823,16.0277767181396,15931.888671875,540.805541992188,-323.638885498047,242.388809204102
GuloGulo_PA4_RUN2,-94.5,64.000007823,15.9166660308838,15667.7509765625,530.111145019531,-322.611145019531,257.916625976562
GuloGulo_PA4_RUN2,-91.5,64.000007823,15.5588216781616,14853.736328125,498.882385253906,-311.529449462891,255.352935791016
GuloGulo_PA4_RUN2,-88.5,64.000007823,15.857141494751,14125.71484375,480.619079589844,-297.000061035156,242.000061035156
GuloGulo_PA4_RUN2,-76.5,64.000007823,15.714282989502,11604.23828125,399.142852783203,-246.714294433594,318.5712890625
GuloGulo_PA4_RUN2,7.5,64.000007823,28.2000026702881,4956.9931640625,191.099670410156,-11.6996173858643,1305.60144042969
GuloGulo_PA4_RUN2,10.5,64.000007823,27.7916889190674,6179.61865234375,243.228942871094,-48.8122138977051,1026.25061035156
GuloGulo_PA4_RUN2,13.5,64.000007823,25.2222270965576,7069.439453125,273.277587890625,-70.7776947021484,978.474487304688
GuloGulo_PA4_RUN2,19.5,64.000007823,24.0666675567627,9262.734375,358.866729736328,-104.666748046875,585.233459472656
GuloGulo_PA4_RUN2,22.5,64.000007823,24.4545440673828,8731.9091796875,342.454528808594,-84.9090805053711,545.272644042969
GuloGulo_PA4_RUN2,25.5,64.000007823,23.1212196350098,9048.08984375,348.0302734375,-94.787841796875,545.848327636719
GuloGulo_PA4_RUN2,28.5,64.000007823,21.7500076293945,9527.498046875,359.138854980469,-107.749969482422,594.277648925781
GuloGulo_PA4_RUN2,34.5,64.000007823,20.5142822265625,9293.7724609375,349.542877197266,-108.85718536377,515.400146484375
GuloGulo_PA4_RUN2,37.5,64.000007823,20.0344867706299,9686.7216796875,367.861968994141,-113.344795227051,563.689392089844
GuloGulo_PA4_RUN2,40.5,64.000007823,20.8823490142822,9870.412109375,380.441131591797,-119.529403686523,569.941162109375
GuloGulo_PA4_RUN2,43.5,64.000007823,21.9444484710693,9783.3046875,387.222137451172,-124.444404602051,561.999938964844
GuloGulo_PA4_RUN2,46.5,64.000007823,21.4166660308838,10563.4951171875,418.999847412109,-143.166580200195,578.805419921875
GuloGulo_PA4_RUN2,49.5,64.000007823,19.9722290039062,11155.2490234375,434.083343505859,-156.611099243164,586.388916015625
GuloGulo_PA4_RUN2,52.5,64.000007823,19.0000019073486,11397.58203125,435.361083984375,-160.694442749023,589.249938964844
GuloGulo_PA4_RUN2,55.5,64.000007823,19.4444446563721,11696.9150390625,446.277709960938,-169.138870239258,611.972106933594
GuloGulo_PA4_RUN2,58.5,64.000007823,20.3055458068848,12115.88671875,464.527709960938,-191.110961914062,639.305541992188
GuloGulo_PA4_RUN2,64.5,64.000007823,19.1944465637207,13108.609375,479.111114501953,-204.694442749023,524.749816894531
GuloGulo_PA4_RUN2,67.5,64.000007823,17.8333396911621,13329.02734375,476.194488525391,-210.861083984375,533.083312988281
GuloGulo_PA4_RUN2,70.5,64.000007823,17.0277767181396,13364.0546875,469.444458007812,-217.527755737305,511.916656494141
GuloGulo_PA4_RUN2,73.5,64.000007823,17.0000019073486,13565.6376953125,472.416625976562,-224.111099243164,510.999938964844
GuloGulo_PA4_RUN2,76.5,64.000007823,17.2499961853027,13958.525390625,490.333221435547,-229.58332824707,514.638854980469
GuloGulo_PA4_RUN2,79.5,64.000007823,17.5,14140.5283203125,502.138885498047,-231.66667175293,522.749938964844
GuloGulo_PA4_RUN2,85.5,64.000007823,18.36110496521,14441.58203125,519.305480957031,-234.944458007812,564.249938964844
GuloGulo_PA4_RUN2,88.5,64.000007823,18.5000019073486,14859.8046875,536.444396972656,-246.610931396484,593.444030761719
GuloGulo_PA4_RUN2,91.5,64.000007823,18.4166679382324,15395.302734375,552.138793945312,-273.527709960938,596.83349609375
GuloGulo_PA4_RUN2,94.5,64.000007823,18.0555553436279,16195.439453125,573.499877929688,-296.527740478516,548.194946289062
GuloGulo_PA4_RUN2,97.5,64.000007823,18.1111087799072,17189.71875,604.583190917969,-323.110961914062,479.944610595703
GuloGulo_PA4_RUN2,100.5,64.000007823,19.055549621582,18023.77734375,636.861022949219,-336.722198486328,405.805694580078
GuloGulo_PA4_RUN2,103.5,64.000007823,19.8333301544189,17782.529296875,631.666748046875,-333.222229003906,362.611206054688
GuloGulo_PA4_RUN2,112.5,64.000007823,17.0833396911621,18538.99609375,632.249938964844,-349.111022949219,333.111053466797
GuloGulo_PA4_RUN2,118.5,64.000007823,16.8888912200928,19038.470703125,640.361083984375,-344.305572509766,284.388946533203
GuloGulo_PA4_RUN2,121.5,64.000007823,15.4166707992554,19566.63671875,647.416625976562,-352.027740478516,281.861053466797
GuloGulo_PA4_RUN2,124.5,64.000007823,14.6111154556274,20104.634765625,654.944396972656,-366.499908447266,278.777801513672
GuloGulo_PA4_RUN2,127.5,64.000007823,15.055549621582,20935.634765625,677.777648925781,-396.583129882812,290.444274902344
GuloGulo_PA4_RUN2,130.5,64.000007823,15.6111078262329,21971.494140625,708.388732910156,-428.333190917969,300.249938964844
GuloGulo_PA4_RUN2,133.5,64.000007823,16,22313.61328125,718.000061035156,-440.861083984375,308.472045898438
GuloGulo_PA4_RUN2,136.5,64.000007823,16.6666488647461,21427.83984375,689.722412109375,-429.472290039062,332.416290283203
GuloGulo_PA4_RUN2,139.5,64.000007823,17.2777786254883,20696.083984375,665.055541992188,-447.749938964844,405.222320556641
GuloGulo_PA4_RUN2,145.5,64.000007823,17.3333415985107,19567.79296875,625.944885253906,-419.278015136719,308.61083984375
GuloGulo_PA4_RUN2,148.5,64.000007823,16.9444408416748,18213.53125,583.222290039062,-372.889251708984,294.555847167969
GuloGulo_PA4_RUN2,154.5,64.000007823,17.5277843475342,18278.84375,595.250305175781,-349.944610595703,289.750122070312
GuloGulo_PA4_RUN2,160.5,64.000007823,17.86110496521,15860.4521484375,522.166931152344,-315.13916015625,327.611511230469
GuloGulo_PA4_RUN2,166.5,64.000007823,19.1388912200928,14835.5029296875,492.027770996094,-278.472442626953,388.777740478516
GuloGulo_PA4_RUN2,169.5,64.000007823,20.9166584014893,14164.396484375,487.277923583984,-251.3056640625,403.805328369141
GuloGulo_PA4_RUN2,172.5,64.000007823,20.666675567627,13019.091796875,451.972534179688,-230.333480834961,355.083618164062
GuloGulo_PA4_RUN2,175.5,64.000007823,18.555570602417,12108.4775390625,416.722412109375,-210.389129638672,352.416717529297
GuloGulo_PA4_RUN2,-166.5,61.000007823,23.25,7814.9169921875,277.25,-102.750007629395,666.416625976562
GuloGulo_PA4_RUN2,-160.5,61.000007823,22.8055553436279,10302.806640625,361.194458007812,-149.222229003906,491.527648925781
GuloGulo_PA4_RUN2,-157.5,61.000007823,23.8888874053955,10658.529296875,380.638946533203,-153.083374023438,529.055480957031
GuloGulo_PA4_RUN2,-154.5,61.000007823,26.8055515289307,9557.55859375,360.972320556641,-140.277847290039,558.833129882812
GuloGulo_PA4_RUN2,-148.5,61.000007823,27.5142860412598,7635.7451171875,294.085815429688,-97.4000244140625,870.656677246094
GuloGulo_PA4_RUN2,-145.5,61.000007823,28.8387050628662,8925.7138671875,350.000122070312,-126.67749786377,996.353820800781
GuloGulo_PA4_RUN2,-142.5,61.000007823,27.71875,9089.0966796875,353.000122070312,-155.625045776367,1083.71789550781
GuloGulo_PA4_RUN2,-139.5,61.000007823,27.3055534362793,10250.36328125,398.527862548828,-180.611221313477,868.026977539062
GuloGulo_PA4_RUN2,-136.5,61.000007823,26.6944427490234,11076.3916015625,438.055633544922,-185.972274780273,392.666564941406
GuloGulo_PA4_RUN2,-133.5,61.000007823,26.0833320617676,11119.5,447.694458007812,-185.777786254883,319.833282470703
GuloGulo_PA4_RUN2,-130.5,61.000007823,26.2222194671631,12034.8330078125,468.694458007812,-210.666687011719,479.083160400391
GuloGulo_PA4_RUN2,-127.5,61.000007823,23.0833339691162,12711.8603515625,480.638854980469,-222.055587768555,514.611145019531
GuloGulo_PA4_RUN2,-124.5,61.000007823,21.5555572509766,13744.1376953125,491.111083984375,-222.083374023438,449.944519042969
GuloGulo_PA4_RUN2,-121.5,61.000007823,20.8055534362793,14850.6953125,524.888916015625,-232.638885498047,385.222229003906
GuloGulo_PA4_RUN2,-115.5,61.000007823,19.6666660308838,14623.9453125,518.555603027344,-233.083358764648,326.249938964844
GuloGulo_PA4_RUN2,-112.5,61.000007823,19.1944427490234,14636.97265625,521.222229003906,-237.277786254883,319.999938964844
GuloGulo_PA4_RUN2,-109.5,61.000007823,18.0555572509766,14932.5556640625,526.222229003906,-253.638885498047,328.499938964844
GuloGulo_PA4_RUN2,-106.5,61.000007823,17.75,15117.8056640625,531.805541992188,-269.333343505859,343.999938964844
GuloGulo_PA4_RUN2,-103.5,61.000007823,17.1111125946045,15160.388671875,528.222229003906,-277,343.111053466797
GuloGulo_PA4_RUN2,-100.5,61.000007823,16.6944465637207,15420.0283203125,534.166687011719,-289.222229003906,318.527709960938
GuloGulo_PA4_RUN2,-94.5,61.000007823,16.5925960540771,15025.333984375,519.888916015625,-291.703735351562,332.111114501953
GuloGulo_PA4_RUN2,-76.5,61.000007823,16.3055591583252,11616.9716796875,404.25,-237.861114501953,368.860992431641
GuloGulo_PA4_RUN2,-73.5,61.000007823,16.3428554534912,11518.2001953125,401.828582763672,-237.457183837891,415.828582763672
GuloGulo_PA4_RUN2,-70.5,61.000007823,17.5555477142334,11002.5009765625,389.722229003906,-219.44450378418,391.889007568359
GuloGulo_PA4_RUN2,-67.5,61.000007823,17.444429397583,10535.2255859375,367.777923583984,-218.222381591797,383.889343261719
GuloGulo_PA4_RUN2,-64.5,61.000007823,18.4999961853027,9196.8095703125,326.038513183594,-184.1923828125,381.692352294922
GuloGulo_PA4_RUN2,7.5,61.000007823,27.1388912200928,5891.01904296875,230.582962036133,-66.4718246459961,1438.31030273438
GuloGulo_PA4_RUN2,13.5,61.000007823,25.4722175598145,7848.36083984375,303.055511474609,-71.6112060546875,678.666748046875
GuloGulo_PA4_RUN2,31.5,61.000007823,21.3888835906982,9271.5830078125,347.22216796875,-87.9166412353516,637.9443359375
GuloGulo_PA4_RUN2,34.5,61.000007823,21.7499961853027,9518.6650390625,361.749938964844,-98.2499771118164,655.833312988281
GuloGulo_PA4_RUN2,37.5,61.000007823,21.6944465637207,10010.0263671875,382.22216796875,-109.166641235352,629.028076171875
GuloGulo_PA4_RUN2,43.5,61.000007823,21.1111145019531,10316.9150390625,398.97216796875,-120.972183227539,601.861145019531
GuloGulo_PA4_RUN2,49.5,61.000007823,19.4444446563721,11194.943359375,422.444427490234,-138.194442749023,606.805603027344
GuloGulo_PA4_RUN2,52.5,61.000007823,19.0277786254883,11450.1103515625,430.972198486328,-144.805541992188,617.860961914062
GuloGulo_PA4_RUN2,55.5,61.000007823,19.777774810791,11650.2216796875,438.416625976562,-151.472198486328,671.666381835938
GuloGulo_PA4_RUN2,61.5,61.000007823,21.5555648803711,12560.4990234375,474.472259521484,-177.194442749023,524.555725097656
GuloGulo_PA4_RUN2,64.5,61.000007823,19.8888969421387,12775.0546875,469.416687011719,-178.250015258789,528.72216796875
GuloGulo_PA4_RUN2,67.5,61.000007823,18.5000038146973,13096.1376953125,473.805511474609,-184.277725219727,542.75
GuloGulo_PA4_RUN2,70.5,61.000007823,18.0555534362793,13389.5546875,478.25,-193.916641235352,540.222229003906
GuloGulo_PA4_RUN2,73.5,61.000007823,18.1111068725586,13633.1376953125,482.444396972656,-200.944442749023,554.805541992188
GuloGulo_PA4_RUN2,76.5,61.000007823,18.8888874053955,13815.5830078125,494.361053466797,-206.805541992188,532.833435058594
GuloGulo_PA4_RUN2,79.5,61.000007823,19.3055553436279,13880.1396484375,501.194458007812,-209.41667175293,528.555480957031
GuloGulo_PA4_RUN2,85.5,61.000007823,19.5833301544189,13975.9990234375,507.305541992188,-212.277755737305,565.360961914062
GuloGulo_PA4_RUN2,88.5,61.000007823,19.8611030578613,14382.025390625,524.055419921875,-218.611068725586,573.02783203125
GuloGulo_PA4_RUN2,94.5,61.000007823,19.1944408416748,15404.330078125,551.083251953125,-265.444396972656,573.306091308594
GuloGulo_PA4_RUN2,97.5,61.000007823,19.5555477142334,16142.109375,577.777648925781,-284,473.583892822266
GuloGulo_PA4_RUN2,100.5,61.000007823,21.3611030578613,16540.58203125,602.694396972656,-287.166656494141,405.000122070312
GuloGulo_PA4_RUN2,103.5,61.000007823,22.1111125946045,16758.361328125,611.444458007812,-294.388885498047,392.08349609375
GuloGulo_PA4_RUN2,106.5,61.000007823,21.3611068725586,16921.52734375,607.583374023438,-297.444458007812,363.58349609375
GuloGulo_PA4_RUN2,109.5,61.000007823,20.3055553436279,16968.388671875,600.666748046875,-297.722198486328,360.027557373047
GuloGulo_PA4_RUN2,118.5,61.000007823,19.3333377838135,18062.388671875,623.194458007812,-313.416717529297,316.722290039062
GuloGulo_PA4_RUN2,124.5,61.000007823,16.4444427490234,18793.525390625,624.277709960938,-336.72216796875,352.611083984375
GuloGulo_PA4_RUN2,127.5,61.000007823,16.2777709960938,19831.6875,652.833129882812,-358.6943359375,336.722290039062
GuloGulo_PA4_RUN2,136.5,61.000007823,16.61110496521,19766.2109375,644.917236328125,-370.639038085938,375.305084228516
GuloGulo_PA4_RUN2,139.5,61.000007823,17.2222194671631,17872.7578125,578.111389160156,-366.889007568359,485.138702392578
GuloGulo_PA4_RUN2,142.5,61.000007823,17.9444446563721,16989.591796875,546.694702148438,-347.472320556641,445.555572509766
GuloGulo_PA4_RUN2,148.5,61.000007823,16.3611221313477,14455.8974609375,461.166931152344,-275.611267089844,395.499725341797
GuloGulo_PA4_RUN2,151.5,61.000007823,16.4999809265137,14380.2470703125,462.249877929688,-273.555755615234,388.1669921875
GuloGulo_PA4_RUN2,154.5,61.000007823,17.8124942779541,14914.7880859375,490.406372070312,-287.062744140625,418.093719482422
GuloGulo_PA4_RUN2,157.5,61.000007823,18.4285545349121,14917.578125,497.714416503906,-284.000610351562,398.500396728516
GuloGulo_PA4_RUN2,163.5,61.000007823,19.7419395446777,12091.490234375,403.548645019531,-201.03254699707,448.032531738281
GuloGulo_PA4_RUN2,166.5,61.000007823,20.0624885559082,11365.1337890625,377.218994140625,-183.437698364258,459.187377929688
GuloGulo_PA4_RUN2,169.5,61.000007823,22.7142772674561,10249.0068359375,361.143005371094,-178.714263916016,519.78515625
GuloGulo_PA4_RUN2,172.5,61.000007823,21.9999942779541,10417.751953125,370.000061035156,-180.950393676758,480.401184082031
GuloGulo_PA4_RUN2,-160.5,58.000007823,24.538459777832,8123.232421875,290.615417480469,-96.7692794799805,707.692199707031
GuloGulo_PA4_RUN2,-154.5,58.000007823,29.0370349884033,6494.46484375,254.94450378418,-59.5000267028809,983.851501464844
GuloGulo_PA4_RUN2,-151.5,58.000007823,30.0833320617676,5367.08447265625,211.333389282227,-25.6666984558105,1297.91638183594
GuloGulo_PA4_RUN2,-133.5,58.000007823,28.8611106872559,6758.77783203125,279.972229003906,-71.4166946411133,1422.52709960938
GuloGulo_PA4_RUN2,-130.5,58.000007823,29.6944427490234,8827.0283203125,359.333374023438,-129.194473266602,640.305297851562
GuloGulo_PA4_RUN2,-124.5,58.000007823,26.3055572509766,10874.9716796875,422.138885498047,-167.527801513672,485.333312988281
GuloGulo_PA4_RUN2,-118.5,58.000007823,23.4999942779541,12944.9453125,485.416687011719,-187.638916015625,422.055541992188
GuloGulo_PA4_RUN2,-115.5,58.000007823,22.8055572509766,13257.0283203125,496.888885498047,-196.500015258789,425.777740478516
GuloGulo_PA4_RUN2,-112.5,58.000007823,22.6111087799072,13539.97265625,507.527770996094,-200.555587768555,415.138885498047
GuloGulo_PA4_RUN2,-106.5,58.000007823,20.4444427490234,14135.22265625,512.75,-222.555572509766,435.083221435547
GuloGulo_PA4_RUN2,-103.5,58.000007823,19.1666660308838,14204.416015625,508.833312988281,-230.861114501953,481.416625976562
GuloGulo_PA4_RUN2,-100.5,58.000007823,18.6944427490234,14660.333984375,525.611145019531,-247.250030517578,447.888793945312
GuloGulo_PA4_RUN2,-97.5,58.000007823,19.2499980926514,14376.833984375,517.388916015625,-250.250015258789,465.111053466797
GuloGulo_PA4_RUN2,-94.5,58.000007823,18.6060600280762,14217.939453125,509.303039550781,-252.81819152832,443.181823730469
GuloGulo_PA4_RUN2,-91.5,58.000007823,18.3181838989258,14099,504.318206787109,-243.863647460938,460.272674560547
GuloGulo_PA4_RUN2,-88.5,58.000007823,18.6666698455811,13888.0009765625,498.666687011719,-238.333358764648,459.999969482422
GuloGulo_PA4_RUN2,-79.5,58.000007823,18,12286.7275390625,436.727294921875,-229,411.454498291016
GuloGulo_PA4_RUN2,-76.5,58.000007823,17.3103446960449,12081.20703125,424.655181884766,-229.827606201172,454.965301513672
GuloGulo_PA4_RUN2,-73.5,58.000007823,17.5555553436279,12045.8056640625,424.138854980469,-226.250015258789,510.138793945312
GuloGulo_PA4_RUN2,-61.5,58.000007823,21.0357036590576,9907.431640625,380.392944335938,-175.535858154297,709.214294433594
GuloGulo_PA4_RUN2,7.5,58.000007823,23.9499988555908,5739.146484375,214.449859619141,-22.0499782562256,1409.45227050781
GuloGulo_PA4_RUN2,55.5,58.000007823,19.9444389343262,11570.9443359375,424.999969482422,-134.888885498047,620.47216796875
GuloGulo_PA4_RUN2,58.5,58.000007823,21.1388816833496,11684.7216796875,431.416656494141,-147.194458007812,659.417053222656
GuloGulo_PA4_RUN2,61.5,58.000007823,21.0000038146973,11930.5810546875,437.249969482422,-142.916641235352,509.805999755859
GuloGulo_PA4_RUN2,64.5,58.000007823,19.722225189209,12509.9697265625,450.611053466797,-156.972152709961,481.000030517578
GuloGulo_PA4_RUN2,70.5,58.000007823,19.527774810791,13261.52734375,474.749969482422,-178.111099243164,474.25
GuloGulo_PA4_RUN2,82.5,58.000007823,20.8888835906982,13396.16796875,487.166717529297,-186.277816772461,486.249908447266
GuloGulo_PA4_RUN2,85.5,58.000007823,20.4444446563721,13308.8056640625,480.750030517578,-180.638900756836,532.333129882812
GuloGulo_PA4_RUN2,91.5,58.000007823,21.2777767181396,13556.2216796875,495.333374023438,-191.388870239258,486.805572509766
GuloGulo_PA4_RUN2,94.5,58.000007823,20.9722213745117,14013.5244140625,509.722106933594,-210.249923706055,458.694915771484
GuloGulo_PA4_RUN2,97.5,58.000007823,21.8888759613037,14594.5283203125,539.861022949219,-225.111145019531,392.694763183594
GuloGulo_PA4_RUN2,100.5,58.000007823,24.2777538299561,14268.3642578125,545.250061035156,-218.944488525391,358.97216796875
GuloGulo_PA4_RUN2,106.5,58.000007823,22.3888931274414,15916.666015625,577.972290039062,-267.527740478516,402.749969482422
GuloGulo_PA4_RUN2,109.5,58.000007823,22.1388874053955,15530.0595703125,561.389038085938,-263.111083984375,411.249786376953
GuloGulo_PA4_RUN2,115.5,58.000007823,20.3888759613037,17353.1640625,611.6943359375,-328.972015380859,473.361114501953
GuloGulo_PA4_RUN2,121.5,58.000007823,20.2500076293945,17107.251953125,598.3056640625,-303.638885498047,421.749389648438
GuloGulo_PA4_RUN2,127.5,58.000007823,17.5000095367432,17952.044921875,607.721862792969,-327.194244384766,543.695068359375
GuloGulo_PA4_RUN2,133.5,58.000007823,16.9166660308838,19226.232421875,642.278137207031,-354.361358642578,457.499877929688
GuloGulo_PA4_RUN2,139.5,58.000007823,17.241382598877,13938.6630859375,462.448547363281,-259.069122314453,638.792846679688
GuloGulo_PA4_RUN2,142.5,58.000007823,17.5555553436279,13403.0068359375,442.889129638672,-228.444793701172,507.334167480469
GuloGulo_PA4_RUN2,145.5,58.000007823,17,13106.8349609375,427.333404541016,-219.833404541016,440.333465576172
GuloGulo_PA4_RUN2,148.5,58.000007823,15.8000020980835,12072.8037109375,389.400146484375,-200.20051574707,464.201324462891
GuloGulo_PA4_RUN2,157.5,58.000007823,20.7646923065186,9953.2353515625,352.235198974609,-154.235168457031,570.293701171875
GuloGulo_PA4_RUN2,160.5,58.000007823,21.4545516967773,10547.3955078125,375.454559326172,-178.72737121582,642.605712890625
GuloGulo_PA4_RUN2,163.5,58.000007823,22.2941093444824,9771.126953125,343.706237792969,-143.059387207031,596.236450195312
GuloGulo_PA4_RUN2,-160.5,55.000007823,26.5000019073486,5175.5634765625,200.875030517578,-31.5000190734863,757.9375
GuloGulo_PA4_RUN2,-130.5,55.000007823,30.9687538146973,5523.56201171875,227.078125,-21.3906307220459,1990.671875
GuloGulo_PA4_RUN2,-124.5,55.000007823,29.3888874053955,8988.2216796875,379.222198486328,-112.472274780273,526.66650390625
GuloGulo_PA4_RUN2,-121.5,55.000007823,28.7499961853027,9158.6396484375,375.861114501953,-109.361129760742,671.527587890625
GuloGulo_PA4_RUN2,-118.5,55.000007823,28.4999923706055,10092.4169921875,408.916656494141,-123.555572509766,523.388854980469
GuloGulo_PA4_RUN2,-115.5,55.000007823,28.1388874053955,11056,451.611114501953,-143.111129760742,516.305541992188
GuloGulo_PA4_RUN2,-112.5,55.000007823,26.4166622161865,11675.5283203125,456.416687011719,-151.277801513672,467.000091552734
GuloGulo_PA4_RUN2,-109.5,55.000007823,24.1666717529297,12445.416015625,475.361114501953,-169.249984741211,449.861114501953
GuloGulo_PA4_RUN2,-106.5,55.000007823,23.2222232818604,13143.75,493.833312988281,-184.194442749023,465.888854980469
GuloGulo_PA4_RUN2,-103.5,55.000007823,21.8055572509766,13685.4716796875,509.527770996094,-198.333343505859,493.750030517578
GuloGulo_PA4_RUN2,-94.5,55.000007823,19.9722232818604,14113.5283203125,513.833374023438,-220.916687011719,514.472106933594
GuloGulo_PA4_RUN2,-91.5,55.000007823,19.2222213745117,13940.7783203125,504.138916015625,-225.750015258789,543.416564941406
GuloGulo_PA4_RUN2,-88.5,55.000007823,19.1714267730713,13727.1435546875,498.171447753906,-223.285736083984,539.885681152344
GuloGulo_PA4_RUN2,-85.5,55.000007823,20.1538410186768,13380.3466796875,496.615386962891,-215.961563110352,545.346069335938
GuloGulo_PA4_RUN2,-79.5,55.000007823,20.2499961853027,12256.5625,450.125,-208.312515258789,551.374755859375
GuloGulo_PA4_RUN2,-76.5,55.000007823,19.4705905914307,12430.646484375,445.558807373047,-214.970581054688,647.029174804688
GuloGulo_PA4_RUN2,-73.5,55.000007823,18.8055553436279,12562.916015625,448.944427490234,-219.944442749023,684.527587890625
GuloGulo_PA4_RUN2,-64.5,55.000007823,20.8333282470703,11941.390625,452.277801513672,-208.361129760742,749.527404785156
GuloGulo_PA4_RUN2,61.5,55.000007823,21.3888969421387,12593.6923828125,451.333312988281,-144.194458007812,449.750610351562
GuloGulo_PA4_RUN2,70.5,55.000007823,20.7222194671631,13306.416015625,470.611114501953,-161.750015258789,370.027740478516
GuloGulo_PA4_RUN2,73.5,55.000007823,20.8611106872559,13468.3310546875,477.083282470703,-166.38883972168,387.500061035156
GuloGulo_PA4_RUN2,76.5,55.000007823,20.2777805328369,13795.8046875,486.166656494141,-175.777770996094,367.944610595703
GuloGulo_PA4_RUN2,79.5,55.000007823,20.8333301544189,13571.029296875,482.250030517578,-173.111129760742,379.861022949219
GuloGulo_PA4_RUN2,82.5,55.000007823,22.0277690887451,13175.751953125,475.083404541016,-164.777847290039,435.888610839844
GuloGulo_PA4_RUN2,85.5,55.000007823,22.2777729034424,12805.9736328125,462.777801513672,-157.66667175293,512.41650390625
GuloGulo_PA4_RUN2,88.5,55.000007823,22.9722137451172,12818.1943359375,471.861053466797,-169.694366455078,490.055725097656
GuloGulo_PA4_RUN2,91.5,55.000007823,23.5,12935.666015625,481.638885498047,-171.083267211914,476.860473632812
GuloGulo_PA4_RUN2,94.5,55.000007823,22.8611106872559,13695.521484375,501.666473388672,-207.055282592773,552.638916015625
GuloGulo_PA4_RUN2,97.5,55.000007823,24.2222156524658,13994.640625,523.22216796875,-227.111190795898,468.361511230469
GuloGulo_PA4_RUN2,100.5,55.000007823,25.8055534362793,13457.0556640625,516.916687011719,-201.19450378418,387.555877685547
GuloGulo_PA4_RUN2,103.5,55.000007823,24.1944599151611,14242.046875,532.222045898438,-221.583114624023,401.611053466797
GuloGulo_PA4_RUN2,106.5,55.000007823,22.8888893127441,14813.2822265625,542.083435058594,-247.305709838867,395.528076171875
GuloGulo_PA4_RUN2,109.5,55.000007823,23.3611145019531,14042.69140625,522.361022949219,-241.360946655273,413.027587890625
GuloGulo_PA4_RUN2,112.5,55.000007823,25.1110992431641,14854.2431640625,557.916381835938,-270.638854980469,415.028137207031
GuloGulo_PA4_RUN2,115.5,55.000007823,23.1666774749756,16869.546875,616.277526855469,-306.222076416016,429.250030517578
GuloGulo_PA4_RUN2,118.5,55.000007823,23.7777690887451,16901.701171875,617.805725097656,-312.222412109375,449.611053466797
GuloGulo_PA4_RUN2,121.5,55.000007823,23.5555667877197,16653.52734375,602.083374023438,-287.194427490234,447.916290283203
GuloGulo_PA4_RUN2,124.5,55.000007823,21.3055667877197,16722.025390625,590.611145019531,-283.833404541016,531.582946777344
GuloGulo_PA4_RUN2,127.5,55.000007823,19.5555591583252,17407.078125,604.722045898438,-296.749877929688,598.222106933594
GuloGulo_PA4_RUN2,142.5,55.000007823,17.3333339691162,12246.3408203125,423.000183105469,-178.999954223633,698.665893554688
GuloGulo_PA4_RUN2,154.5,55.000007823,19.7999992370605,8591.6005859375,305.600036621094,-112.999984741211,719.799926757812
GuloGulo_PA4_RUN2,163.5,55.000007823,23.4999732971191,8357.513671875,308.12548828125,-109.750183105469,741.124572753906
GuloGulo_PA4_RUN2,-127.5,52.000007823,31.3030223846436,4960.51513671875,206.030288696289,-7.36356735229492,1979.72924804688
GuloGulo_PA4_RUN2,-124.5,52.000007823,35.6111106872559,7324.13916015625,340.499969482422,-84.7221984863281,603.444519042969
GuloGulo_PA4_RUN2,-121.5,52.000007823,31.7777824401855,7989.80615234375,352.166717529297,-75.2222595214844,601.416687011719
GuloGulo_PA4_RUN2,-118.5,52.000007823,29.9722194671631,7863.138671875,335.833312988281,-97.4166717529297,756.721984863281
GuloGulo_PA4_RUN2,-91.5,52.000007823,21.4444389343262,13376.4169921875,501.166656494141,-194.472229003906,676.610900878906
GuloGulo_PA4_RUN2,-88.5,52.000007823,21.4722213745117,13287.6123046875,501.527770996094,-195.611145019531,686.861022949219
GuloGulo_PA4_RUN2,-79.5,52.000007823,23.3749980926514,12390.125,477.625,-184.16667175293,693.7080078125
GuloGulo_PA4_RUN2,-70.5,52.000007823,21.1666603088379,12342.779296875,463.777770996094,-200.722274780273,909.083312988281
GuloGulo_PA4_RUN2,-64.5,52.000007823,23.3055534362793,11453.6142578125,446.694549560547,-184.666778564453,943.472106933594
GuloGulo_PA4_RUN2,-61.5,52.000007823,23.1666641235352,10476.4482421875,410.833465576172,-156.63899230957,1050.0830078125
GuloGulo_PA4_RUN2,-58.5,52.000007823,23.1764698028564,9165.2685546875,361.294281005859,-128.264785766602,1124.26452636719
GuloGulo_PA4_RUN2,64.5,52.000007823,21.2222213745117,13622.5302734375,479.888977050781,-138.527816772461,286.583374023438
GuloGulo_PA4_RUN2,67.5,52.000007823,22.305549621582,13493.166015625,480.583251953125,-151.777679443359,297.055511474609
GuloGulo_PA4_RUN2,70.5,52.000007823,21.7777843475342,13480.2216796875,480.444458007812,-157.305572509766,314.249969482422
GuloGulo_PA4_RUN2,73.5,52.000007823,21.3333282470703,13567.193359375,477.833312988281,-155.083312988281,313.694610595703
GuloGulo_PA4_RUN2,76.5,52.000007823,21.2222175598145,13856.611328125,486.666625976562,-158.25,273.83349609375
GuloGulo_PA4_RUN2,79.5,52.000007823,22.5555534362793,13593.3349609375,487.361114501953,-154.666687011719,293.471893310547
GuloGulo_PA4_RUN2,82.5,52.000007823,24.3055419921875,12822.201171875,466.444610595703,-146.555648803711,497.971252441406
GuloGulo_PA4_RUN2,88.5,52.000007823,24.4166717529297,12578.2177734375,464.527557373047,-180.305419921875,443.084136962891
GuloGulo_PA4_RUN2,94.5,52.000007823,22.6388835906982,15905.8857421875,563.083251953125,-270.055389404297,584.306457519531
GuloGulo_PA4_RUN2,100.5,52.000007823,25.8055400848389,13832.5361328125,509.055755615234,-257.139282226562,395.111022949219
GuloGulo_PA4_RUN2,106.5,52.000007823,22.9444599151611,14133.8544921875,517.277526855469,-211.833374023438,408.557403564453
GuloGulo_PA4_RUN2,112.5,52.000007823,25.0555515289307,14802.7470703125,556.111022949219,-234.805511474609,378.638763427734
GuloGulo_PA4_RUN2,115.5,52.000007823,24.3888988494873,15922.1875,588.333190917969,-255.222137451172,384.000244140625
GuloGulo_PA4_RUN2,118.5,52.000007823,23.9722175598145,16411.00390625,598.583435058594,-270.527709960938,406.665985107422
GuloGulo_PA4_RUN2,124.5,52.000007823,24.2222309112549,16349.6103515625,595.000061035156,-260.361206054688,500.72216796875
GuloGulo_PA4_RUN2,127.5,52.000007823,21.194450378418,16769.302734375,592.777709960938,-251.138885498047,540.77734375
GuloGulo_PA4_RUN2,133.5,52.000007823,20.0555572509766,17007.53515625,603.416931152344,-296.194427490234,761.749328613281
GuloGulo_PA4_RUN2,139.5,52.000007823,18.9444675445557,13829.5625,486.000335693359,-208.097427368164,610.04150390625
GuloGulo_PA4_RUN2,157.5,52.000007823,20.8800067901611,7334.34423828125,268.220184326172,-93.7401962280273,914.3193359375
GuloGulo_PA4_RUN2,-127.5,49.000007823,37.2856979370117,3778.71435546875,166.285690307617,24.5715026855469,2372.85620117188
GuloGulo_PA4_RUN2,-124.5,49.000007823,36.7666625976562,4826.16748046875,217.766708374023,17.0999603271484,1740.46740722656
GuloGulo_PA4_RUN2,-121.5,49.000007823,34.4166603088379,6467.44287109375,286.444366455078,-29.1944351196289,1014.97222900391
GuloGulo_PA4_RUN2,-118.5,49.000007823,32.25,7958.50048828125,347.944427490234,-50.2222747802734,516.527709960938
GuloGulo_PA4_RUN2,76.5,49.000007823,21.6388816833496,13315.4453125,474.944427490234,-155.000045776367,269.916687011719
GuloGulo_PA4_RUN2,79.5,49.000007823,23.8610992431641,13293.916015625,487.111022949219,-151.305541992188,300.332946777344
GuloGulo_PA4_RUN2,82.5,49.000007823,24.3611106872559,13424.197265625,489.583435058594,-161.138900756836,410.388641357422
GuloGulo_PA4_RUN2,88.5,49.000007823,26.055549621582,11724.3623046875,439.388854980469,-184.777633666992,224.584167480469
GuloGulo_PA4_RUN2,91.5,49.000007823,24.527795791626,14285.140625,521.693664550781,-225.444198608398,162.639144897461
GuloGulo_PA4_RUN2,97.5,49.000007823,26.055549621582,15015.228515625,545.611267089844,-275.111206054688,249.61116027832
GuloGulo_PA4_RUN2,103.5,49.000007823,29.1111125946045,12769.1865234375,488.999755859375,-182.611038208008,333.777740478516
GuloGulo_PA4_RUN2,106.5,49.000007823,24.4722347259521,14695.1328125,535.194274902344,-218.722045898438,315.027862548828
GuloGulo_PA4_RUN2,112.5,49.000007823,26.3333377838135,14135.552734375,526.249938964844,-196.361236572266,297.000854492188
GuloGulo_PA4_RUN2,115.5,49.000007823,24.2777862548828,14709.9111328125,538.333251953125,-196.555480957031,243.666641235352
GuloGulo_PA4_RUN2,118.5,49.000007823,22.8055572509766,15886.9169921875,570.972229003906,-228.111068725586,323.666107177734
GuloGulo_PA4_RUN2,121.5,49.000007823,24.388879776001,14728.9501953125,538.416809082031,-221.861328125,470.110748291016
GuloGulo_PA4_RUN2,124.5,49.000007823,23.7500267028809,15288.46875,559.47216796875,-209.861099243164,490.249847412109
GuloGulo_PA4_RUN2,127.5,49.000007823,22.4999980926514,15493.3046875,560.888793945312,-216.611038208008,581.526977539062
GuloGulo_PA4_RUN2,130.5,49.000007823,21.1666698455811,16136.77734375,576.333374023438,-233.166549682617,644.916320800781
GuloGulo_PA4_RUN2,133.5,49.000007823,19.8888912200928,15859.8125,559.13916015625,-227.305725097656,700.221801757812
GuloGulo_PA4_RUN2,136.5,49.000007823,19.8888854980469,13838.1552734375,489.111633300781,-192.88899230957,746.054748535156
GuloGulo_PA4_RUN2,139.5,49.000007823,19.5861988067627,11883.0625,427.086578369141,-178.482986450195,807.034362792969
GuloGulo_PA4_RUN2,142.5,49.000007823,19.11110496521,11028.8662109375,403.861206054688,-153.694610595703,796.30517578125
GuloGulo_PA4_RUN2,145.5,49.000007823,19.3333721160889,10380.669921875,382.000152587891,-137.166809082031,849.999633789062
GuloGulo_PA4_RUN2,-118.5,46.000007823,38.3888854980469,7366.58447265625,352.666656494141,-12.1665754318237,415.027191162109
GuloGulo_PA4_RUN2,-115.5,46.000007823,39.5277709960938,7503.30615234375,375.083282470703,-54.388744354248,635.02783203125
GuloGulo_PA4_RUN2,85.5,46.000007823,23.3888854980469,13554.7724609375,491.138702392578,-123.861373901367,168.389739990234
GuloGulo_PA4_RUN2,91.5,46.000007823,26.7777729034424,13178.28125,503.805633544922,-164.861083984375,128.861297607422
GuloGulo_PA4_RUN2,103.5,46.000007823,28.9722328186035,12507.7685546875,483.694122314453,-154.527725219727,199.861663818359
GuloGulo_PA4_RUN2,124.5,46.000007823,22.2499961853027,14295.7744140625,516.027648925781,-153.083221435547,445.249450683594
GuloGulo_PA4_RUN2,127.5,46.000007823,22.7499828338623,14758.140625,540.027770996094,-180.583282470703,603.277221679688
GuloGulo_PA4_RUN2,130.5,46.000007823,22.6666622161865,14075.7841796875,512.416931152344,-167.500152587891,579.722473144531
GuloGulo_PA4_RUN2,133.5,46.000007823,21.1944370269775,13716.1455078125,489.666870117188,-161.361068725586,637.943237304688
GuloGulo_PA4_RUN2,136.5,46.000007823,22.1874904632568,11525.30078125,420.719299316406,-152.969192504883,883.311889648438
GuloGulo_PA4_RUN2,139.5,46.000007823,21.000020980835,10060.7685546875,374.250579833984,-117.500991821289,915.502075195312
GuloGulo_PA4_RUN2,-118.5,43.000007823,41.9166717529297,7503.94384765625,385.861083984375,-24.444393157959,310.333251953125
GuloGulo_PA4_RUN2,-112.5,43.000007823,36.4166679382324,8850.138671875,414.583343505859,-63.1388626098633,365.055328369141
GuloGulo_PA4_RUN2,-121.5,40.000007823,45.1388931274414,6387.61083984375,337.166656494141,30.6111068725586,839.972717285156
